{
  "format_version": "1.10.0",
  "minecraft:entity": {
    "description": {
      "identifier": "mm:bo",
      "is_spawnable": true,
      "is_summonable": true,
      "is_experimental": false
    },
    "component_groups": {
      "minecraft:is_dead": {
        "minecraft:transformation": {
          "into": "mm:dead_bo"
        }
      }
    },
    "components": {
      "minecraft:navigation.walk": {
        "avoid_water": true,
        "can_float": true,
        "can_open_doors": true,
        "can_pass_doors": true,
        "can_path_over_water": true
      },
      "minecraft:nameable": {},
      "minecraft:breathable": {
        "totalSupply": 15,
        "suffocateTime": 0,
        "breathesWater": true
      },
      "minecraft:health": {
        "value": 350,
        "max": 350
      },
      "minecraft:sittable": {},
      "minecraft:collision_box": {
        "width": 0.9,
        "height": 3.0
      },
      "minecraft:behavior.stay_while_sitting": {
        "priority": 3
      },
      "minecraft:attack": {
        "damage": 30
      },
      "minecraft:movement": {
        "value": 0.11
      },
      "minecraft:pushable": {
        "is_pushable": true,
        "is_pushable_by_piston": true
      },
      "minecraft:movement.basic": {},
      "minecraft:jump.static": {},
      "minecraft:scale": {
        "value": 1.0
      },
      "minecraft:damage_sensor": [
        {
          "on_damage": {
            "filters": {
              "all_of": [
                {
                  "test": "has_damage",
                  "value": "fatal"
                }
              ]
            },
            "event": "minecraft:event_spawn_dead"
          }
        }
      ],
      "minecraft:knockback_resistance": {
        "value": 2.0
      },
      "minecraft:fire_immune": true,
      "minecraft:behavior.hurt_by_target": {
        "priority": 1
      },
      "minecraft:behavior.nearest_attackable_target": {
        "priority": 1,
        "reselect_targets": true,
        "entity_types": [
          {
            "filters": {
              "test": "is_family",
              "subject": "other",
              "value": "illager"
            },
            "max_dist": 2000
          },
          {
            "filters": {
              "test": "is_family",
              "subject": "other",
              "value": "villager"
            },
            "max_dist": 2000
          },
          {
            "filters": {
              "test": "is_family",
              "subject": "other",
              "value": "player"
            },
            "max_dist": 2000
          },
          {
            "filters": {
              "test": "is_family",
              "subject": "other",
              "value": "phantom"
            },
            "max_dist": 2000
          },
          {
            "filters": {
              "test": "is_family",
              "subject": "other",
              "operator": "!=",
              "value": "infested"
            },
            "max_dist": 2000
          }
        ],
        "must_see": false
      },
      "minecraft:behavior.melee_attack": {
        "priority": 4,
        "target_dist": 22.2,
        "speed_multiplier": 2.8,
        "track_target": true
      },
      "minecraft:behavior.random_stroll": {
        "priority": 5,
        "speed_multiplier": 2
      },
      "minecraft:behavior.look_at_player": {
        "priority": 6,
        "look_distance": 8
      },
      "minecraft:behavior.random_look_around": {
        "priority": 6
      },
      "minecraft:type_family": {
        "family": [
          "infested",
          "bo",
          "monster"
        ]
      },
      "minecraft:physics": {},
      "minecraft:block_sensor": {
        "sensor_radius": 1,
        "on_break": [
          {
            "block_list": [
              "minecraft:bedrock"
            ]
          }
        ]
      },
      "event": "minecraft:event_spawn_crawl"
    },
    "events": {
      "minecraft:event_spawn_dead": {
        "add": {
          "component_groups": [
            "minecraft:is_dead"
          ]
        }
      }
    }
  }
}