{
  "format_version": "1.8.0",
  "minecraft:entity": {
    "description": {
      "identifier": "mm:entity2",
      "is_spawnable": false,
      "is_summonable": true,
      "is_experimental": false,
      "runtime_identifier": "mm:entity"
    },
    "components": {
      "minecraft:knockback_resistance": {
        "value": 1.0
      },
      "minecraft:nameable": {},
      "minecraft:type_family": {
        "family": [
          "monster",
          "infested",
          "entity",
          "shadow"
        ]
      },
      "minecraft:collision_box": {
        "width": 1.0,
        "height": 5.3
      },
      "minecraft:movement.basic": {},
      "minecraft:navigation.walk": {
        "is_amphibious": true,
        "can_pass_doors": true,
        "can_walk": true,
        "can_break_doors": true
      },
      "minecraft:annotation.break_door": {},
      "minecraft:jump.static": {},
      "minecraft:can_climb": {},
      "minecraft:health": {
        "value": 500,
        "max": 520
      },
      "minecraft:hurt_on_condition": {
        "damage_conditions": [
          {
            "filters": {
              "test": "in_lava",
              "subject": "self",
              "operator": "\u003d\u003d",
              "value": true
            },
            "cause": "lava",
            "damage_per_tick": 15
          }
        ]
      },
      "minecraft:breathable": {
        "total_supply": 15,
        "suffocate_time": 0,
        "breathes_air": true,
        "breathes_water": true
      },
      "minecraft:scale": {
        "value": 1.0
      },
      "minecraft:movement": {
        "value": 0.50
      },
      "minecraft:ravager_blocked": {
        "knockback_strength": 3.0,
        "reaction_choices": [
          {
            "weight": 1,
            "value": {
              "event": "minecraft:become_stunned",
              "target": "self"
            }
          },
          {
            "weight": 1
          }
        ]
      },
      "minecraft:attack": {
        "damage": 50
      },
      "minecraft:loot": {
        "table": "loot_tables/entities/mm:entity.json"
      },
      "minecraft:behavior.random_stroll": {
        "priority": 7,
        "speed_multiplier": 1.0
      },
      "minecraft:behavior.look_at_player": {
        "priority": 8,
        "look_distance": 6,
        "probability": 0.02
      },
      "minecraft:behavior.random_look_around": {
        "priority": 9
      },
      "minecraft:behavior.delayed_attack": {
        "priority": 4,
        "reach_multiplier": 3.9,
        "attack_duration": 1.96,
        "hit_delay_pct": 0.5,
        "track_target": true,
        "sound_event": "attack"
      },
      "minecraft:behavior.summon_entity": {
        "priority": 0,
        "probability": 100.0,
        "summon_choices": [
          {
            "weight": 1,
            "cooldown_time": 10.0,
            "cast_duration": 1.9,
            "start_sound_event": "trouble",
            "sequence": [
              {
                "shape": "circle",
                "target": "self",
                "base_delay": 0.0,
                "delay_per_summon": 0.0,
                "num_entities_spawned": 0,
                "entity_type": "",
                "entity_lifespan": 10.0,
                "size": 10.0,
                "sound_event": "trouble"
              }
            ]
          }
        ]
      },
      "minecraft:behavior.hurt_by_target": {
        "priority": 1
      },
      "minecraft:behavior.nearest_attackable_target": {
        "priority": 2,
        "must_see": false,
        "reselect_targets": true,
        "within_radius": 250.9,
        "must_see_forget_duration": 17.0,
        "entity_types": [
          {
            "filters": {
              "any_of": [
                {
                  "test": "is_family",
                  "subject": "other",
                  "value": "player"
                },
                {
                  "test": "is_family",
                  "subject": "other",
                  "value": "snowgolem"
                },
                {
                  "test": "is_family",
                  "subject": "other",
                  "value": "irongolem"
                }
              ]
            },
            "max_dist": 350
          },
          {
            "filters": {
              "any_of": [
                {
                  "test": "is_family",
                  "subject": "other",
                  "value": "villager"
                },
                {
                  "test": "is_family",
                  "subject": "other",
                  "value": "wandering_trader"
                }
              ]
            },
            "max_dist": 350,
            "must_see": false
          },
          {
            "filters": {
              "all_of": [
                {
                  "test": "is_family",
                  "subject": "other",
                  "value": "baby_turtle"
                },
                {
                  "test": "in_water",
                  "subject": "other",
                  "operator": "!\u003d",
                  "value": true
                }
              ]
            },
            "max_dist": 350
          },
          {
            "filters": {
              "all_of": [
                {
                  "test": "is_family",
                  "subject": "other",
                  "value": "illager"
                }
              ]
            },
            "max_dist": 350
          }
        ],
        "speed_multiplier": 1.2
      },
      "minecraft:physics": {},
      "minecraft:pushable": {
        "is_pushable": true,
        "is_pushable_by_piston": true
      }
    },
    "component_groups": {
      "roaring": {
        "minecraft:behavior.knockback_roar": {
          "priority": 1,
          "duration": 1,
          "attack_time": 0.5,
          "knockback_damage": 27,
          "knockback_horizontal_strength": 3,
          "knockback_vertical_strength": 3,
          "knockback_range": 12.9,
          "knockback_filters": {
            "test": "is_family",
            "subject": "other",
            "operator": "!\u003d",
            "value": "entity"
          },
          "damage_filters": {
            "test": "is_family",
            "subject": "other",
            "operator": "!\u003d",
            "value": "infested"
          },
          "on_roar_end": {
            "event": "minecraft:end_roar"
          },
          "cooldown_time": 0.1
        }
      },
      "stunned": {
        "minecraft:is_stunned": {},
        "minecraft:timer": {
          "looping": false,
          "time": 2,
          "time_down_event": {
            "event": "minecraft:start_roar"
          }
        }
      },
      "hostile": {
        "minecraft:movement": {
          "value": 0.50
        },
        "minecraft:attack": {
          "damage": 50
        },
        "minecraft:loot": {
          "table": "loot_tables/entities/mm:entity.json"
        },
        "minecraft:behavior.random_stroll": {
          "priority": 7,
          "speed_multiplier": 1.0
        },
        "minecraft:behavior.look_at_player": {
          "priority": 8,
          "look_distance": 6,
          "probability": 0.02
        },
        "minecraft:behavior.random_look_around": {
          "priority": 9
        },
        "minecraft:behavior.delayed_attack": {
          "priority": 4,
          "reach_multiplier": 3.9,
          "attack_duration": 1.96,
          "hit_delay_pct": 0.5,
          "track_target": true,
          "sound_event": "attack"
        },
        "minecraft:behavior.summon_entity": {
          "priority": 0,
          "probability": 100.0,
          "summon_choices": [
            {
              "weight": 1,
              "cooldown_time": 10.0,
              "cast_duration": 1.9,
              "start_sound_event": "trouble",
              "sequence": [
                {
                  "shape": "circle",
                  "target": "self",
                  "base_delay": 0.0,
                  "delay_per_summon": 0.0,
                  "num_entities_spawned": 0,
                  "entity_type": "",
                  "entity_lifespan": 10.0,
                  "size": 10.0,
                  "sound_event": "trouble"
                }
              ]
            }
          ]
        },
        "minecraft:behavior.hurt_by_target": {
          "priority": 1
        },
        "minecraft:behavior.nearest_attackable_target": {
          "priority": 2,
          "must_see": false,
          "reselect_targets": true,
          "within_radius": 250.9,
          "must_see_forget_duration": 17.0,
          "entity_types": [
            {
              "filters": {
                "any_of": [
                  {
                    "test": "is_family",
                    "subject": "other",
                    "value": "player"
                  },
                  {
                    "test": "is_family",
                    "subject": "other",
                    "value": "snowgolem"
                  },
                  {
                    "test": "is_family",
                    "subject": "other",
                    "value": "irongolem"
                  }
                ]
              },
              "max_dist": 350
            },
            {
              "filters": {
                "any_of": [
                  {
                    "test": "is_family",
                    "subject": "other",
                    "value": "villager"
                  },
                  {
                    "test": "is_family",
                    "subject": "other",
                    "value": "wandering_trader"
                  }
                ]
              },
              "max_dist": 350,
              "must_see": false
            },
            {
              "filters": {
                "all_of": [
                  {
                    "test": "is_family",
                    "subject": "other",
                    "value": "baby_turtle"
                  },
                  {
                    "test": "in_water",
                    "subject": "other",
                    "operator": "!\u003d",
                    "value": true
                  }
                ]
              },
              "max_dist": 350
            },
            {
              "filters": {
                "all_of": [
                  {
                    "test": "is_family",
                    "subject": "other",
                    "value": "illager"
                  }
                ]
              },
              "max_dist": 350
            }
          ],
          "speed_multiplier": 1.2
        },
        "minecraft:physics": {},
        "minecraft:pushable": {
          "is_pushable": true,
          "is_pushable_by_piston": true
        }
      }
    },
    "events": {
      "minecraft:entity_spawned": {
        "add": {
          "component_groups": [
            "hostile"
          ]
        }
      },
      "minecraft:end_roar": {
        "add": {
          "component_groups": [
            "hostile"
          ]
        },
        "remove": {
          "component_groups": [
            "roaring"
          ]
        }
      },
      "minecraft:become_stunned": {
        "add": {
          "component_groups": [
            "stunned"
          ]
        },
        "remove": {
          "component_groups": [
            "hostile"
          ]
        }
      },
      "minecraft:start_roar": {
        "add": {
          "component_groups": [
            "roaring"
          ]
        },
        "remove": {
          "component_groups": [
            "stunned"
          ]
        }
      }
    }
  }
}