{
  "format_version": "1.16.0",
  "minecraft:entity": {
    "description": {
      "identifier": "mm:hopp_plush",
      "is_spawnable": true,
      "is_summonable": true,
      "is_experimental": false
    },
    "component_groups": {
      "die": {
        "minecraft:transformation": {
          "into": "mm:hopps"
        },
        "type_family": {
          "family": [
            "dead"
          ]
        }
      }
    },
    "components": {
      "minecraft:is_hidden_when_invisible": {},
      "minecraft:type_family": {
        "family": [
          "plushie",
          "inanimate"
        ]
      },
      "minecraft:collision_box": {
        "height": 1.39,
        "width": 0.6
      },
      "minecraft:health": {
        "value": 6,
        "max": 6
      },
      "minecraft:hurt_on_condition": {
        "damage_conditions": [
          {
            "filters": {
              "test": "in_lava",
              "subject": "self",
              "operator": "\u003d\u003d",
              "value": true
            },
            "cause": "lava",
            "damage_per_tick": 6
          }
        ]
      },
      "minecraft:movement": {
        "value": 0.0
      },
      "minecraft:despawn": {
        "despawn_from_distance": {}
      },
      "minecraft:behavior.float": {
        "priority": 0
      },
      "minecraft:damage_sensor": {
        "triggers": [
          {
            "on_damage": {
              "filters": {
                "all_of": [
                  {
                    "test": "has_damage",
                    "value": "fatal"
                  }
                ]
              }
            },
            "event": "minecraft:dead"
          }
        ]
      },
      "minecraft:behavior.random_stroll": {
        "priority": 0,
        "speed_multiplier": 0.0
      },
      "minecraft:physics": {},
      "minecraft:pushable": {
        "is_pushable": true,
        "is_pushable_by_piston": true
      },
      "minecraft:experience_reward": {
        "on_death": "query.last_hit_by_player ? 0.0 : 0"
      },
      "minecraft:underwater_movement": {
        "value": 0.0
      },
      "minecraft:scale": {
        "value": 0.72
      },
      "minecraft:fire_immune": true,
      "minecraft:fall_damage": {
        "value": 0.0
      },
      "minecraft:loot": {
        "table": "loot_tables/entities/empty.json"
      }
    },
    "events": {
      "minecraft:dead": {
        "add": {
          "component_groups": [
            "die"
          ]
        },
        "remove": {
          "component_groups": []
        },
        "run_command": {
          "command": [
            "summon mm:hopps ~~~",
            "playsound @a [r\u003d5] hopps.death",
            "particle minecraft:totem_particle~~~",
            "summon lightning_bolt ~~~"
          ],
          "target": "self"
        }
      }
    }
  }
}