{
  "format_version": "1.8.0",
  "minecraft:entity": {
    "description": {
      "identifier": "mm:miss_beverley",
      "is_spawnable": true,
      "is_summonable": true,
      "is_experimental": false
    },
    "components": {
      "minecraft:type_family": {
        "family": [
          "beverley",
          "player",
          "matron"
        ]
      },
      "minecraft:collision_box": {
        "height": 1.9,
        "width": 0.9
      },
      "minecraft:health": {
        "value": 20,
        "max": 20
      },
      "minecraft:movement": {
        "value": 0.25
      },
      "minecraft:navigation.walk": {
        "can_path_over_water": false,
        "avoid_water": true,
        "avoid_damage_blocks": true
      },
      "minecraft:movement.basic": {},
      "minecraft:jump.static": {},
      "minecraft:can_climb": {},
      "minecraft:knockback_resistance": {
        "value": 1.0
      },
      "minecraft:preferred_path": {
        "max_fall_blocks": 1,
        "jump_cost": 5,
        "default_block_cost": 1.5,
        "preferred_path_blocks": [
          {
            "cost": 0,
            "blocks": [
              "grass_path"
            ]
          },
          {
            "cost": 1,
            "blocks": [
              "carpet",
              "planks"
            ]
          }
        ]
      },
      "minecraft:behavior.move_towards_target": {
        "priority": 2,
        "speed_multiplier": 0.9,
        "within_radius": 32
      },
      "minecraft:behavior.move_towards_restriction": {
        "priority": 4,
        "speed_multiplier": 1
      },
      "minecraft:behavior.random_stroll": {
        "priority": 6,
        "speed_multiplier": 1,
        "xz_dist": 16
      },
      "minecraft:behavior.look_at_player": {
        "priority": 7,
        "look_distance": 6.0,
        "probability": 0.02
      },
      "minecraft:behavior.random_look_around": {
        "priority": 8
      },
      "minecraft:behavior.hurt_by_target": {
        "priority": 2,
        "entity_types": {
          "filters": {
            "test": "is_family",
            "subject": "other",
            "operator": "!\u003d",
            "value": "creeper"
          }
        }
      },
      "minecraft:physics": {},
      "minecraft:follow_range": {
        "value": 64
      },
      "minecraft:experience_reward": {
        "on_death": "query.last_hit_by_player ? 0.0 : 0"
      },
      "minecraft:underwater_movement": {
        "value": 0.02
      },
      "minecraft:scale": {
        "value": 1
      },
      "minecraft:behavior.avoid_mob_type": {
        "priority": 3,
        "entity_types": [
          {
            "filters": {
              "other_with_families": [
                "monster"
              ]
            },
            "max_dist": 6,
            "walk_speed_multiplier": 1.0,
            "sprint_speed_multiplier": 1.2
          }
        ],
        "max_dist": 6,
        "walk_speed_multiplier": 1.0,
        "sprint_speed_multiplier": 1.2,
        "sneak_speed_multiplier": 1.0
      },
      "minecraft:behavior.panic": {
        "speed_multiplier": 1.25
      },
      "minecraft:loot": {
        "table": "loot_tables/entities/mm_miss_beverley.json"
      }
    }
  }
}