{
  "format_version": "1.10.0",
  "minecraft:attachable": {
    "description": {
      "identifier": "mm:hopp_head_hat.player",
      "item": {
        "mm:hopp_head_hat": "query.owner_identifier == 'minecraft:player'"
      },
      "materials": {
        "default": "entity_emissive_alpha",
        "enchanted": "entity_emissive_alpha"
      },
      "textures": {
        "default": "textures/entity/pamobile/mm_hopp_head_hat",
        "enchanted": "textures/misc/enchanted_item_glint"
      },
      "geometry": {
        "default": "geometry.hopp_head"
      },
      "scripts": {
        "parent_setup": "variable.helmet_layer_visible = 0.0;"
      },
      "render_controllers": [
        "controller.render.armor"
      ]
    }
  }
}