{
	"format_version": "1.8.0",
	"animations": {
		"animation.wuggy.generel": {
			"loop": true,
			"animation_length": 1.04167,
			"bones": {
				"body": {
					"scale": {
						"0.5": [1, 1, 1.2],
						"1.0417": [1, 1, 0.9]
					}
				},
				"head": {
					"rotation": {
						"0.0": [5, 0, 0],
						"0.5": [2.5, 0, 0],
						"1.0417": [5, 0, 0]
					}
				},
				"rightArm": {
					"rotation": {
						"0.0": [0, 0, 10],
						"0.5": [0, 0, 5],
						"1.0": [-0.84576, -0.16253, 12.34819]
					}
				},
				"A2": {
					"rotation": [0, 0, 0]
				},
				"leftArm": {
					"rotation": {
						"0.0": [0, 0, -10],
						"0.5": [0, 0, -5],
						"1.0": [0, 0, -12.5]
					}
				},
				"A4": {
					"rotation": [0, 0, 0]
				},
				"leftLeg": {
					"rotation": [0, 0, 0]
				}
			}
		},
		"animation.wuggy.attack": {
			"animation_length": 0.79167,
			"bones": {
				"rightArm": {
					"rotation": {
						"0.0": [-0.31014, 2.35631, 7.10762],
						"0.25": [-12.81, 2.36, 7.11],
						"0.5833": [-30.31, 2.36, 7.11]
					}
				},
				"A2": {
					"rotation": [-90, 0, 0],
					"position": [0, 3, 0]
				},
				"leftArm": {
					"rotation": [-0.86217, 3.04811, -9.43409]
				},
				"rightLeg": {
					"rotation": [5, 0, 0]
				},
				"A6": {
					"rotation": [27.5, 0, 0]
				}
			}
		},
		"animation.wuggy.move": {
			"loop": true,
			"animation_length": 0.5,
			"bones": {
				"rightArm": {
					"rotation": {
						"0.0": [-7.5, 0, 7.5],
						"0.25": [15, 0, 7.5],
						"0.5": [2.5, 0, 7.5]
					}
				},
				"A2": {
					"rotation": [-22.5, 0, 0]
				},
				"leftArm": {
					"rotation": {
						"0.0": [-10, 0, -7.5],
						"0.25": [17.5, 0, -7.5],
						"0.5": [5, 0, -7.5]
					}
				},
				"A4": {
					"rotation": [17.5, 0, 0]
				},
				"rightLeg": {
					"rotation": {
						"0.0": [5, 0, 0],
						"0.25": [-20, 0, 0],
						"0.5": [-7.5, 0, 0]
					}
				},
				"A6": {
					"rotation": {
						"0.0": [12.5, 0, 0],
						"0.25": [20, 0, 0]
					}
				},
				"leftLeg": {
					"rotation": {
						"0.0": [-12.5, 0, 0],
						"0.25": [0, 0, 0],
						"0.5": [-10, 0, 0]
					}
				},
				"A8": {
					"rotation": [22.5, 0, 0]
				}
			}
		}
	}
}