{
	"format_version": "1.8.0",
	"animations": {
		"animation.stunned": {
			"loop": true,
			"animation_length": 3,
			"bones": {
				"body": {
					"rotation": {
						"0.0": [0, 0, 0],
						"0.2": [-5, 0, 0],
						"0.36": [32.5, 0, 0],
						"0.64": [27.5, 0, 0],
						"1.08": [35, 0, 0],
						"1.64": [27.5, 0, 0],
						"2.16": [32.5, 0, 0],
						"2.56": [25, 0, 0],
						"2.8": [27.5, 15, 0],
						"3.0": [0, 0, 0]
					}
				},
				"head": {
					"rotation": {
						"0.0": [0, 0, 0],
						"0.2": [-12.5, 0, 0],
						"0.36": [13.21, 0, 0],
						"0.64": [11.81, 0, -22.5],
						"1.08": [9.61, 0, 11.69],
						"1.64": [19.31, 0, -19.22],
						"2.16": [1.93, 0, 13.13],
						"2.56": [13.51, 0, -15.62],
						"2.8": [6.14, -32.5, -14.6],
						"3.0": [0, 0, 0]
					}
				},
				"rightarm": {
					"rotation": {
						"0.0": [0, 0, 0],
						"0.2": [-17.5, 0, 0],
						"0.36": [-60, 12.5, 0],
						"0.64": [-62.5, 12.5, 0],
						"1.08": [-60, 12.5, 0],
						"1.64": [-65, 12.5, 0],
						"2.16": [-60, 12.5, 0],
						"2.56": [-62.5, 12.5, 0],
						"3.0": [0, 0, 0]
					}
				},
				"rightelbow": {
					"rotation": {
						"0.0": [0, 0, 0],
						"0.2": [-40, 0, 0],
						"0.36": [12.5, 0, -77.5],
						"0.64": [-7.5, 0, -77.5],
						"1.08": [12.5, 0, -77.5],
						"1.64": [-5, 0, -77.5],
						"2.16": [7.5, 0, -77.5],
						"2.56": [-5, 0, -77.5],
						"3.0": [0, 0, 0]
					}
				}
			},
			"timeline": {
				"0.0": "execute @s ~~~ particle minecraft:stunned_emitter ~~~",
				"0.52": "execute @s ~~~ particle minecraft:lava_particle ~~~"
			}
		}
	}
}