{
	"format_version": "1.8.0",
	"animations": {
		"animation.bo.tumble": {
			"loop": true,
			"animation_length": 1.36,
			"bones": {
				"all": {
					"rotation": {
						"0.0": {
							"post": [-37.5, 0, 0],
							"lerp_mode": "catmullrom"
						},
						"0.48": {
							"post": [97.5, 0, 0],
							"lerp_mode": "catmullrom"
						},
						"1.36": {
							"post": [322.5, 0, 0],
							"lerp_mode": "catmullrom"
						}
					},
					"position": {
						"0.0": {
							"post": [0, -27, 10],
							"lerp_mode": "catmullrom"
						},
						"0.16": {
							"post": [0, -20, 10],
							"lerp_mode": "catmullrom"
						},
						"0.48": {
							"post": [0, -15.87, 10],
							"lerp_mode": "catmullrom"
						},
						"0.8": {
							"post": [0, -32.92, 10],
							"lerp_mode": "catmullrom"
						},
						"1.0": {
							"post": [0, -38.66, 10],
							"lerp_mode": "catmullrom"
						},
						"1.16": {
							"post": [0, -31.48, 10],
							"lerp_mode": "catmullrom"
						},
						"1.36": {
							"post": [0, -27, 10],
							"lerp_mode": "catmullrom"
						}
					}
				},
				"hip": {
					"position": {
						"0.0": {
							"post": [0, 8, -2],
							"lerp_mode": "catmullrom"
						}
					}
				},
				"body": {
					"rotation": {
						"0.0": {
							"post": [55, 0, 0],
							"lerp_mode": "catmullrom"
						}
					}
				},
				"rightarm": {
					"rotation": {
						"0.0": {
							"post": [-70, 0, -15],
							"lerp_mode": "catmullrom"
						}
					}
				},
				"rightelbow": {
					"rotation": {
						"0.0": {
							"post": [25, 0, -80],
							"lerp_mode": "catmullrom"
						}
					}
				},
				"leftarm": {
					"rotation": {
						"0.0": {
							"post": [-77.5, 0, 15],
							"lerp_mode": "catmullrom"
						}
					}
				},
				"leftelbow": {
					"rotation": {
						"0.0": {
							"post": [25, 0, 77.5],
							"lerp_mode": "catmullrom"
						}
					}
				},
				"head": {
					"rotation": {
						"0.0": {
							"post": ["42.5 - this", 0, 0],
							"lerp_mode": "catmullrom"
						}
					}
				},
				"skull": {
					"rotation": {
						"0.0": {
							"post": [-12.5, 0, 0],
							"lerp_mode": "catmullrom"
						}
					}
				},
				"leftleg": {
					"rotation": {
						"0.0": {
							"post": [-97.5, 0, 0],
							"lerp_mode": "catmullrom"
						}
					}
				},
				"leftknee": {
					"rotation": {
						"0.0": {
							"post": [97.5, 0, 0],
							"lerp_mode": "catmullrom"
						}
					}
				},
				"rightleg": {
					"rotation": {
						"0.0": {
							"post": [-97.5, 0, 0],
							"lerp_mode": "catmullrom"
						}
					}
				},
				"rightknee": {
					"rotation": {
						"0.0": {
							"post": [97.5, 0, 0],
							"lerp_mode": "catmullrom"
						}
					}
				},
				"jaw": {
					"rotation": ["- this", "- this", "- this"]
				}
			}
		},
		"animation.bo.tumble_pose": {
			"loop": true,
			"bones": {
				"all": {
					"rotation": [-37.5, 0, 0],
					"position": [0, -27, 9]
				},
				"hip": {
					"position": [0, 8, -2]
				},
				"body": {
					"rotation": [55, 0, 0]
				},
				"rightarm": {
					"rotation": [-70, 0, -15]
				},
				"rightelbow": {
					"rotation": [25, 0, -80]
				},
				"leftarm": {
					"rotation": [-77.5, 0, 15]
				},
				"leftelbow": {
					"rotation": [25, 0, 77.5]
				},
				"head": {
					"rotation": [42.5, 0, 0]
				},
				"leftleg": {
					"rotation": [-97.5, 0, 0]
				},
				"leftknee": {
					"rotation": [97.5, 0, 0]
				},
				"rightleg": {
					"rotation": [-97.5, 0, 0]
				},
				"rightknee": {
					"rotation": [97.5, 0, 0]
				}
			}
		}
	}
}