{
	"format_version": "1.8.0",
	"animations": {
		"animation.buff_hopp.smash": {
			"animation_length": 26.52,
			"bones": {
				"all": {
					"rotation": {
						"14.6": {
							"post": [0, 0, 0],
							"lerp_mode": "catmullrom"
						},
						"14.9": {
							"post": [20, 0, 0],
							"lerp_mode": "catmullrom"
						}
					},
					"position": {
						"0.0": {
							"post": [0, -400, 0],
							"lerp_mode": "catmullrom"
						},
						"11.1": {
							"post": [0, -60, 0],
							"lerp_mode": "catmullrom"
						},
						"14.3": {
							"post": [0, -50, 0],
							"lerp_mode": "catmullrom"
						}
					},
					"scale": {
						"0.0": {
							"post": [5, 5, 5],
							"lerp_mode": "catmullrom"
						}
					}
				},
				"part1": {
					"rotation": {
						"0.0": {
							"post": [5, 0, 0],
							"lerp_mode": "catmullrom"
						},
						"4.0": {
							"post": [9.5, 0, 0],
							"lerp_mode": "catmullrom"
						},
						"7.2": {
							"post": [-7.03, 0, 0],
							"lerp_mode": "catmullrom"
						},
						"7.4": {
							"post": [0.68, 0, 2.5],
							"lerp_mode": "catmullrom"
						},
						"7.7": {
							"post": [0.01, 0, -0.29],
							"lerp_mode": "catmullrom"
						},
						"8.0": {
							"post": [-0.83, 0, -0.24],
							"lerp_mode": "catmullrom"
						},
						"8.5": {
							"post": [-1.47, 0, 0],
							"lerp_mode": "catmullrom"
						},
						"8.6": {
							"post": [-1.73, 0, -1],
							"lerp_mode": "catmullrom"
						},
						"8.9": {
							"post": [-2.16, 0, 0],
							"lerp_mode": "catmullrom"
						},
						"10.0": {
							"post": [-5, 0, 0],
							"lerp_mode": "catmullrom"
						},
						"13.9": {
							"post": [-5, 0, 0],
							"lerp_mode": "catmullrom"
						},
						"14.8": {
							"post": [-12.5, 35, 0],
							"lerp_mode": "catmullrom"
						},
						"14.9": {
							"post": [37.5, -22.5, 0],
							"lerp_mode": "catmullrom"
						},
						"15.1": {
							"post": [-12.5, -35, 0],
							"lerp_mode": "catmullrom"
						},
						"15.2": {
							"post": [37.5, 22.5, 0],
							"lerp_mode": "catmullrom"
						},
						"15.4": {
							"post": [40, 20, -2.5],
							"lerp_mode": "catmullrom"
						},
						"15.5": {
							"post": [-12.5, 35, 0],
							"lerp_mode": "catmullrom"
						},
						"15.6": {
							"post": [37.5, -22.5, 0],
							"lerp_mode": "catmullrom"
						},
						"15.8": {
							"post": [-12.5, -35, 0],
							"lerp_mode": "catmullrom"
						},
						"15.9": {
							"post": [37.5, 22.5, 0],
							"lerp_mode": "catmullrom"
						},
						"16.1": {
							"post": [40, 20, -2.5],
							"lerp_mode": "catmullrom"
						},
						"16.2": {
							"post": [-12.5, 35, 0],
							"lerp_mode": "catmullrom"
						},
						"16.3": {
							"post": [37.5, -22.5, 0],
							"lerp_mode": "catmullrom"
						},
						"16.4": {
							"post": [40, -20, 2.5],
							"lerp_mode": "catmullrom"
						},
						"16.5": {
							"post": [-12.5, -35, 0],
							"lerp_mode": "catmullrom"
						},
						"16.6": {
							"post": [37.5, 22.5, 0],
							"lerp_mode": "catmullrom"
						},
						"16.8": {
							"post": [-12.5, 35, 0],
							"lerp_mode": "catmullrom"
						},
						"17.0": {
							"post": [37.5, -22.5, 0],
							"lerp_mode": "catmullrom"
						},
						"17.1": {
							"post": [40, -20, 2.5],
							"lerp_mode": "catmullrom"
						},
						"17.2": {
							"post": [-12.5, -35, 0],
							"lerp_mode": "catmullrom"
						},
						"17.3": {
							"post": [37.5, 22.5, 0],
							"lerp_mode": "catmullrom"
						},
						"17.4": {
							"post": [40, 20, -2.5],
							"lerp_mode": "catmullrom"
						},
						"17.5": {
							"post": [-12.5, 35, 0],
							"lerp_mode": "catmullrom"
						},
						"17.6": {
							"post": [37.5, -22.5, 0],
							"lerp_mode": "catmullrom"
						},
						"17.8": {
							"post": [-12.5, -35, 0],
							"lerp_mode": "catmullrom"
						},
						"17.9": {
							"post": [37.5, 22.5, 0],
							"lerp_mode": "catmullrom"
						},
						"18.1": {
							"post": [40, 20, -2.5],
							"lerp_mode": "catmullrom"
						},
						"18.3": {
							"post": [37.5, -22.5, 0],
							"lerp_mode": "catmullrom"
						},
						"18.4": {
							"post": [40, -20, 2.5],
							"lerp_mode": "catmullrom"
						},
						"18.5": {
							"post": [-12.5, -35, 0],
							"lerp_mode": "catmullrom"
						},
						"18.6": {
							"post": [37.5, 22.5, 0],
							"lerp_mode": "catmullrom"
						},
						"18.8": {
							"post": [-12.5, 35, 0],
							"lerp_mode": "catmullrom"
						},
						"18.9": {
							"post": [37.5, -22.5, 0],
							"lerp_mode": "catmullrom"
						},
						"19.1": {
							"post": [-12.5, -35, 0],
							"lerp_mode": "catmullrom"
						},
						"19.2": {
							"post": [37.5, 22.5, 0],
							"lerp_mode": "catmullrom"
						},
						"19.4": {
							"post": [-12.5, 35, 0],
							"lerp_mode": "catmullrom"
						},
						"19.6": {
							"post": [37.5, -22.5, 0],
							"lerp_mode": "catmullrom"
						},
						"19.7": {
							"post": [40, -20, 2.5],
							"lerp_mode": "catmullrom"
						},
						"19.8": {
							"post": [-12.5, -35, 0],
							"lerp_mode": "catmullrom"
						},
						"19.9": {
							"post": [37.5, 22.5, 0],
							"lerp_mode": "catmullrom"
						},
						"20.0": {
							"post": [-12.5, 35, 0],
							"lerp_mode": "catmullrom"
						},
						"20.1": {
							"post": [37.5, -22.5, 0],
							"lerp_mode": "catmullrom"
						},
						"20.3": {
							"post": [-12.5, -35, 0],
							"lerp_mode": "catmullrom"
						},
						"20.4": {
							"post": [37.5, 22.5, 0],
							"lerp_mode": "catmullrom"
						},
						"20.6": {
							"post": [-12.5, 35, 0],
							"lerp_mode": "catmullrom"
						},
						"20.8": {
							"post": [37.5, -22.5, 0],
							"lerp_mode": "catmullrom"
						},
						"20.9": {
							"post": [40, -20, 2.5],
							"lerp_mode": "catmullrom"
						},
						"21.0": {
							"post": [-12.5, -35, 0],
							"lerp_mode": "catmullrom"
						},
						"21.1": {
							"post": [37.5, 22.5, 0],
							"lerp_mode": "catmullrom"
						},
						"21.2": {
							"post": [40, 20, -2.5],
							"lerp_mode": "catmullrom"
						},
						"21.3": {
							"post": [-12.5, 35, 0],
							"lerp_mode": "catmullrom"
						},
						"21.4": {
							"post": [37.5, -22.5, 0],
							"lerp_mode": "catmullrom"
						},
						"21.6": {
							"post": [-12.5, -35, 0],
							"lerp_mode": "catmullrom"
						},
						"21.8": {
							"post": [37.5, 22.5, 0],
							"lerp_mode": "catmullrom"
						},
						"21.9": {
							"post": [40, 20, -2.5],
							"lerp_mode": "catmullrom"
						},
						"22.0": {
							"post": [-12.5, 35, 0],
							"lerp_mode": "catmullrom"
						},
						"22.1": {
							"post": [37.5, -22.5, 0],
							"lerp_mode": "catmullrom"
						},
						"22.3": {
							"post": [-12.5, -35, 0],
							"lerp_mode": "catmullrom"
						},
						"22.4": {
							"post": [37.5, 22.5, 0],
							"lerp_mode": "catmullrom"
						},
						"22.6": {
							"post": [40, 20, -2.5],
							"lerp_mode": "catmullrom"
						},
						"22.7": {
							"post": [-12.5, 35, 0],
							"lerp_mode": "catmullrom"
						},
						"22.8": {
							"post": [37.5, -22.5, 0],
							"lerp_mode": "catmullrom"
						},
						"23.0": {
							"post": [-12.5, -35, 0],
							"lerp_mode": "catmullrom"
						},
						"23.1": {
							"post": [37.5, 22.5, 0],
							"lerp_mode": "catmullrom"
						},
						"23.3": {
							"post": [-12.5, 35, 0],
							"lerp_mode": "catmullrom"
						},
						"23.4": {
							"post": [37.5, -22.5, 0],
							"lerp_mode": "catmullrom"
						},
						"23.6": {
							"post": [-12.5, -35, 0],
							"lerp_mode": "catmullrom"
						},
						"23.8": {
							"post": [37.5, 22.5, 0],
							"lerp_mode": "catmullrom"
						},
						"23.9": {
							"post": [40, 20, -2.5],
							"lerp_mode": "catmullrom"
						},
						"24.1": {
							"post": [37.5, -22.5, 0],
							"lerp_mode": "catmullrom"
						},
						"24.3": {
							"post": [-12.5, -35, 0],
							"lerp_mode": "catmullrom"
						},
						"24.4": {
							"post": [37.5, 22.5, 0],
							"lerp_mode": "catmullrom"
						},
						"24.6": {
							"post": [-12.5, 35, 0],
							"lerp_mode": "catmullrom"
						},
						"24.8": {
							"post": [37.5, -22.5, 0],
							"lerp_mode": "catmullrom"
						},
						"25.0": {
							"post": [-12.5, -35, 0],
							"lerp_mode": "catmullrom"
						},
						"25.1": {
							"post": [37.5, 22.5, 0],
							"lerp_mode": "catmullrom"
						},
						"25.3": {
							"post": [-12.5, 35, 0],
							"lerp_mode": "catmullrom"
						},
						"25.4": {
							"post": [37.5, -22.5, 0],
							"lerp_mode": "catmullrom"
						},
						"25.6": {
							"post": [-12.5, -35, 0],
							"lerp_mode": "catmullrom"
						},
						"25.7": {
							"post": [37.5, 22.5, 0],
							"lerp_mode": "catmullrom"
						}
					}
				},
				"arm1": {
					"rotation": {
						"0.0": {
							"post": [-27.5, 0, 5],
							"lerp_mode": "catmullrom"
						},
						"6.0": {
							"post": [-27.5, 0, 5],
							"lerp_mode": "catmullrom"
						},
						"6.7": {
							"post": [-27.5, -30, -7.86],
							"lerp_mode": "catmullrom"
						},
						"7.2": {
							"post": [-27.5, -15, -17.5],
							"lerp_mode": "catmullrom"
						},
						"7.6": {
							"post": [-35, 0, 0],
							"lerp_mode": "catmullrom"
						},
						"8.1": {
							"post": [-35, 0, 0],
							"lerp_mode": "catmullrom"
						},
						"8.4": {
							"post": [-35, -30, -27.5],
							"lerp_mode": "catmullrom"
						},
						"8.5": {
							"post": [-35, -10, 0],
							"lerp_mode": "catmullrom"
						},
						"8.6": {
							"post": [-35, -10, 0],
							"lerp_mode": "catmullrom"
						},
						"8.7": {
							"post": [-35, -10, 0],
							"lerp_mode": "catmullrom"
						},
						"14.1": {
							"post": [-35, -10, 0],
							"lerp_mode": "catmullrom"
						},
						"14.5": {
							"post": [-35, -10, 0],
							"lerp_mode": "catmullrom"
						},
						"15.1": {
							"post": [-42.5, -125, -45],
							"lerp_mode": "catmullrom"
						},
						"15.2": {
							"post": [35, 0, -85],
							"lerp_mode": "catmullrom"
						},
						"15.3": {
							"post": [-100, -17.5, 0],
							"lerp_mode": "catmullrom"
						},
						"15.4": {
							"post": [-100, -7.5, 0],
							"lerp_mode": "catmullrom"
						},
						"15.8": {
							"post": [-42.5, -125, -45],
							"lerp_mode": "catmullrom"
						},
						"15.9": {
							"post": [35, 0, -85],
							"lerp_mode": "catmullrom"
						},
						"16.0": {
							"post": [-100, -17.5, 0],
							"lerp_mode": "catmullrom"
						},
						"16.1": {
							"post": [-100, -7.5, 0],
							"lerp_mode": "catmullrom"
						},
						"16.5": {
							"post": [-42.5, -125, -45],
							"lerp_mode": "catmullrom"
						},
						"16.6": {
							"post": [-100, -17.5, 0],
							"lerp_mode": "catmullrom"
						},
						"16.8": {
							"post": [-100, -7.5, 0],
							"lerp_mode": "catmullrom"
						},
						"17.2": {
							"post": [35, 0, -85],
							"lerp_mode": "catmullrom"
						},
						"17.3": {
							"post": [-100, -17.5, 0],
							"lerp_mode": "catmullrom"
						},
						"17.4": {
							"post": [-100, -7.5, 0],
							"lerp_mode": "catmullrom"
						},
						"17.8": {
							"post": [-42.5, -125, -45],
							"lerp_mode": "catmullrom"
						},
						"17.9": {
							"post": [35, 0, -85],
							"lerp_mode": "catmullrom"
						},
						"18.0": {
							"post": [-100, -17.5, 0],
							"lerp_mode": "catmullrom"
						},
						"18.1": {
							"post": [-100, -7.5, 0],
							"lerp_mode": "catmullrom"
						},
						"18.5": {
							"post": [-42.5, -125, -45],
							"lerp_mode": "catmullrom"
						},
						"18.6": {
							"post": [-100, -17.5, 0],
							"lerp_mode": "catmullrom"
						},
						"18.8": {
							"post": [-100, -7.5, 0],
							"lerp_mode": "catmullrom"
						},
						"19.1": {
							"post": [-42.5, -125, -45],
							"lerp_mode": "catmullrom"
						},
						"19.2": {
							"post": [35, 0, -85],
							"lerp_mode": "catmullrom"
						},
						"19.3": {
							"post": [-100, -17.5, 0],
							"lerp_mode": "catmullrom"
						},
						"19.8": {
							"post": [35, 0, -85],
							"lerp_mode": "catmullrom"
						},
						"19.9": {
							"post": [-100, -17.5, 0],
							"lerp_mode": "catmullrom"
						},
						"20.0": {
							"post": [-100, -7.5, 0],
							"lerp_mode": "catmullrom"
						},
						"20.4": {
							"post": [-42.5, -125, -45],
							"lerp_mode": "catmullrom"
						},
						"20.5": {
							"post": [35, 0, -85],
							"lerp_mode": "catmullrom"
						},
						"20.6": {
							"post": [-100, -17.5, 0],
							"lerp_mode": "catmullrom"
						},
						"20.7": {
							"post": [-100, -7.5, 0],
							"lerp_mode": "catmullrom"
						},
						"21.0": {
							"post": [35, 0, -85],
							"lerp_mode": "catmullrom"
						},
						"21.1": {
							"post": [-100, -17.5, 0],
							"lerp_mode": "catmullrom"
						},
						"21.2": {
							"post": [-100, -7.5, 0],
							"lerp_mode": "catmullrom"
						},
						"21.6": {
							"post": [-42.5, -125, -45],
							"lerp_mode": "catmullrom"
						},
						"21.7": {
							"post": [35, 0, -85],
							"lerp_mode": "catmullrom"
						},
						"21.8": {
							"post": [-100, -17.5, 0],
							"lerp_mode": "catmullrom"
						},
						"21.9": {
							"post": [-100, -7.5, 0],
							"lerp_mode": "catmullrom"
						},
						"22.3": {
							"post": [-42.5, -125, -45],
							"lerp_mode": "catmullrom"
						},
						"22.4": {
							"post": [35, 0, -85],
							"lerp_mode": "catmullrom"
						},
						"22.5": {
							"post": [-100, -17.5, 0],
							"lerp_mode": "catmullrom"
						},
						"22.6": {
							"post": [-100, -7.5, 0],
							"lerp_mode": "catmullrom"
						},
						"23.0": {
							"post": [-42.5, -125, -45],
							"lerp_mode": "catmullrom"
						},
						"23.1": {
							"post": [35, 0, -85],
							"lerp_mode": "catmullrom"
						},
						"23.2": {
							"post": [-100, -17.5, 0],
							"lerp_mode": "catmullrom"
						},
						"23.3": {
							"post": [-100, -7.5, 0],
							"lerp_mode": "catmullrom"
						},
						"23.6": {
							"post": [-42.5, -125, -45],
							"lerp_mode": "catmullrom"
						},
						"23.7": {
							"post": [35, 0, -85],
							"lerp_mode": "catmullrom"
						},
						"23.8": {
							"post": [-100, -17.5, 0],
							"lerp_mode": "catmullrom"
						},
						"23.9": {
							"post": [-100, -7.5, 0],
							"lerp_mode": "catmullrom"
						},
						"24.3": {
							"post": [-42.5, -125, -45],
							"lerp_mode": "catmullrom"
						},
						"24.4": {
							"post": [35, 0, -85],
							"lerp_mode": "catmullrom"
						},
						"24.5": {
							"post": [-100, -17.5, 0],
							"lerp_mode": "catmullrom"
						},
						"24.6": {
							"post": [-100, -7.5, 0],
							"lerp_mode": "catmullrom"
						},
						"25.0": {
							"post": [35, 0, -85],
							"lerp_mode": "catmullrom"
						},
						"25.1": {
							"post": [-100, -17.5, 0],
							"lerp_mode": "catmullrom"
						},
						"25.6": {
							"post": [-42.5, -125, -45],
							"lerp_mode": "catmullrom"
						},
						"25.7": {
							"post": [35, 0, -85],
							"lerp_mode": "catmullrom"
						},
						"25.8": {
							"post": [-100, -17.5, 0],
							"lerp_mode": "catmullrom"
						},
						"25.9": {
							"post": [-100, -7.5, 0],
							"lerp_mode": "catmullrom"
						},
						"26.2": {
							"post": [-42.5, -125, -45],
							"lerp_mode": "catmullrom"
						},
						"26.3": {
							"post": [35, 0, -85],
							"lerp_mode": "catmullrom"
						},
						"26.4": {
							"post": [-100, -17.5, 0],
							"lerp_mode": "catmullrom"
						},
						"26.5": {
							"post": [-100, -7.5, 0],
							"lerp_mode": "catmullrom"
						}
					}
				},
				"arm_longerpart1": {
					"rotation": {
						"6.4": {
							"post": [-80, 67.5, 27.5],
							"lerp_mode": "catmullrom"
						},
						"6.7": {
							"post": [-70, 50, 27.5],
							"lerp_mode": "catmullrom"
						},
						"7.2": {
							"post": [-70, 65, 13.69],
							"lerp_mode": "catmullrom"
						},
						"7.6": {
							"post": [-70, 50, 17.5],
							"lerp_mode": "catmullrom"
						},
						"8.1": {
							"post": [-70, 50, 17.5],
							"lerp_mode": "catmullrom"
						},
						"8.3": {
							"post": [-65, 50, 35],
							"lerp_mode": "catmullrom"
						},
						"8.6": {
							"post": [-70, 50, 17.5],
							"lerp_mode": "catmullrom"
						},
						"14.1": {
							"post": [-70, 50, 17.5],
							"lerp_mode": "catmullrom"
						},
						"14.4": {
							"post": [-70, 50, 17.5],
							"lerp_mode": "catmullrom"
						},
						"14.5": {
							"post": [-135, 67.5, -57.5],
							"lerp_mode": "catmullrom"
						},
						"15.1": {
							"post": [20, 15, 122.5],
							"lerp_mode": "catmullrom"
						},
						"15.2": {
							"post": [0, 0, 0],
							"lerp_mode": "catmullrom"
						},
						"15.4": {
							"post": [0, 0, 5],
							"lerp_mode": "catmullrom"
						},
						"15.8": {
							"post": [-117.5, 0, 0],
							"lerp_mode": "catmullrom"
						},
						"15.9": {
							"post": [0, 0, 0],
							"lerp_mode": "catmullrom"
						},
						"16.0": {
							"post": [0, 0, 5],
							"lerp_mode": "catmullrom"
						},
						"16.4": {
							"post": [20, 15, 122.5],
							"lerp_mode": "catmullrom"
						},
						"16.5": {
							"post": [-117.5, 0, 0],
							"lerp_mode": "catmullrom"
						},
						"16.6": {
							"post": [0, 0, 0],
							"lerp_mode": "catmullrom"
						},
						"16.7": {
							"post": [0, 0, 5],
							"lerp_mode": "catmullrom"
						},
						"17.1": {
							"post": [20, 15, 122.5],
							"lerp_mode": "catmullrom"
						},
						"17.2": {
							"post": [-117.5, 0, 0],
							"lerp_mode": "catmullrom"
						},
						"17.3": {
							"post": [0, 0, 0],
							"lerp_mode": "catmullrom"
						},
						"17.4": {
							"post": [0, 0, 5],
							"lerp_mode": "catmullrom"
						},
						"17.8": {
							"post": [-117.5, 0, 0],
							"lerp_mode": "catmullrom"
						},
						"17.9": {
							"post": [0, 0, 0],
							"lerp_mode": "catmullrom"
						},
						"18.0": {
							"post": [0, 0, 5],
							"lerp_mode": "catmullrom"
						},
						"18.4": {
							"post": [20, 15, 122.5],
							"lerp_mode": "catmullrom"
						},
						"18.5": {
							"post": [-117.5, 0, 0],
							"lerp_mode": "catmullrom"
						},
						"18.6": {
							"post": [0, 0, 0],
							"lerp_mode": "catmullrom"
						},
						"18.7": {
							"post": [0, 0, 5],
							"lerp_mode": "catmullrom"
						},
						"19.1": {
							"post": [20, 15, 122.5],
							"lerp_mode": "catmullrom"
						},
						"19.2": {
							"post": [0, 0, 0],
							"lerp_mode": "catmullrom"
						},
						"19.7": {
							"post": [20, 15, 122.5],
							"lerp_mode": "catmullrom"
						},
						"19.8": {
							"post": [-117.5, 0, 0],
							"lerp_mode": "catmullrom"
						},
						"19.9": {
							"post": [0, 0, 0],
							"lerp_mode": "catmullrom"
						},
						"20.0": {
							"post": [0, 0, 5],
							"lerp_mode": "catmullrom"
						},
						"20.4": {
							"post": [-117.5, 0, 0],
							"lerp_mode": "catmullrom"
						},
						"20.5": {
							"post": [0, 0, 0],
							"lerp_mode": "catmullrom"
						},
						"20.6": {
							"post": [0, 0, 5],
							"lerp_mode": "catmullrom"
						},
						"20.9": {
							"post": [20, 15, 122.5],
							"lerp_mode": "catmullrom"
						},
						"21.0": {
							"post": [-117.5, 0, 0],
							"lerp_mode": "catmullrom"
						},
						"21.1": {
							"post": [0, 0, 0],
							"lerp_mode": "catmullrom"
						},
						"21.2": {
							"post": [0, 0, 5],
							"lerp_mode": "catmullrom"
						},
						"21.6": {
							"post": [20, 15, 122.5],
							"lerp_mode": "catmullrom"
						},
						"21.7": {
							"post": [-117.5, 0, 0],
							"lerp_mode": "catmullrom"
						},
						"21.8": {
							"post": [0, 0, 0],
							"lerp_mode": "catmullrom"
						},
						"21.9": {
							"post": [0, 0, 5],
							"lerp_mode": "catmullrom"
						},
						"22.3": {
							"post": [20, 15, 122.5],
							"lerp_mode": "catmullrom"
						},
						"22.4": {
							"post": [0, 0, 0],
							"lerp_mode": "catmullrom"
						},
						"22.6": {
							"post": [0, 0, 5],
							"lerp_mode": "catmullrom"
						},
						"23.0": {
							"post": [-117.5, 0, 0],
							"lerp_mode": "catmullrom"
						},
						"23.1": {
							"post": [0, 0, 0],
							"lerp_mode": "catmullrom"
						},
						"23.2": {
							"post": [0, 0, 5],
							"lerp_mode": "catmullrom"
						},
						"23.6": {
							"post": [20, 15, 122.5],
							"lerp_mode": "catmullrom"
						},
						"23.7": {
							"post": [-117.5, 0, 0],
							"lerp_mode": "catmullrom"
						},
						"23.8": {
							"post": [0, 0, 0],
							"lerp_mode": "catmullrom"
						},
						"23.9": {
							"post": [0, 0, 5],
							"lerp_mode": "catmullrom"
						},
						"24.3": {
							"post": [20, 15, 122.5],
							"lerp_mode": "catmullrom"
						},
						"24.4": {
							"post": [0, 0, 0],
							"lerp_mode": "catmullrom"
						},
						"24.6": {
							"post": [0, 0, 5],
							"lerp_mode": "catmullrom"
						},
						"24.9": {
							"post": [20, 15, 122.5],
							"lerp_mode": "catmullrom"
						},
						"25.0": {
							"post": [-117.5, 0, 0],
							"lerp_mode": "catmullrom"
						},
						"25.1": {
							"post": [0, 0, 0],
							"lerp_mode": "catmullrom"
						},
						"25.6": {
							"post": [-117.5, 0, 0],
							"lerp_mode": "catmullrom"
						},
						"25.7": {
							"post": [0, 0, 0],
							"lerp_mode": "catmullrom"
						},
						"25.8": {
							"post": [0, 0, 5],
							"lerp_mode": "catmullrom"
						},
						"26.2": {
							"post": [20, 15, 122.5],
							"lerp_mode": "catmullrom"
						},
						"26.3": {
							"post": [-117.5, 0, 0],
							"lerp_mode": "catmullrom"
						},
						"26.4": {
							"post": [0, 0, 0],
							"lerp_mode": "catmullrom"
						},
						"26.5": {
							"post": [0, 0, 5],
							"lerp_mode": "catmullrom"
						}
					},
					"scale": {
						"0.0": {
							"post": [1, 1.2, 1],
							"lerp_mode": "catmullrom"
						}
					}
				},
				"hand": {
					"rotation": {
						"0.0": {
							"post": [90, 42.5, 82.5],
							"lerp_mode": "catmullrom"
						},
						"5.8": {
							"post": [90, 42.5, 82.5],
							"lerp_mode": "catmullrom"
						},
						"7.3": {
							"post": [-55, -7.5, -60],
							"lerp_mode": "catmullrom"
						},
						"8.0": {
							"post": [-55, -7.5, -60],
							"lerp_mode": "catmullrom"
						},
						"8.2": {
							"post": [-55, 52.5, -42.5],
							"lerp_mode": "catmullrom"
						},
						"8.4": {
							"post": [-55, 52.5, -2.5],
							"lerp_mode": "catmullrom"
						},
						"14.1": {
							"post": [-55, 52.5, -2.5],
							"lerp_mode": "catmullrom"
						},
						"14.2": {
							"post": [-55, 52.5, -2.5],
							"lerp_mode": "catmullrom"
						},
						"14.5": {
							"post": [-20, 0, -87.5],
							"lerp_mode": "catmullrom"
						},
						"15.1": {
							"post": [0, 62.5, 0],
							"lerp_mode": "catmullrom"
						},
						"15.2": {
							"post": [0, 80, 0],
							"lerp_mode": "catmullrom"
						},
						"15.4": {
							"post": [0, 80, 0],
							"lerp_mode": "catmullrom"
						},
						"15.8": {
							"post": [0, 2.5, 0],
							"lerp_mode": "catmullrom"
						},
						"15.9": {
							"post": [0, 80, 0],
							"lerp_mode": "catmullrom"
						},
						"16.0": {
							"post": [0, 80, 0],
							"lerp_mode": "catmullrom"
						},
						"16.4": {
							"post": [0, 62.5, 0],
							"lerp_mode": "catmullrom"
						},
						"16.5": {
							"post": [0, 2.5, 0],
							"lerp_mode": "catmullrom"
						},
						"16.6": {
							"post": [0, 80, 0],
							"lerp_mode": "catmullrom"
						},
						"16.7": {
							"post": [0, 80, 0],
							"lerp_mode": "catmullrom"
						},
						"17.1": {
							"post": [0, 62.5, 0],
							"lerp_mode": "catmullrom"
						},
						"17.2": {
							"post": [0, 2.5, 0],
							"lerp_mode": "catmullrom"
						},
						"17.3": {
							"post": [0, 80, 0],
							"lerp_mode": "catmullrom"
						},
						"17.4": {
							"post": [0, 80, 0],
							"lerp_mode": "catmullrom"
						},
						"17.8": {
							"post": [0, 2.5, 0],
							"lerp_mode": "catmullrom"
						},
						"17.9": {
							"post": [0, 80, 0],
							"lerp_mode": "catmullrom"
						},
						"18.0": {
							"post": [0, 80, 0],
							"lerp_mode": "catmullrom"
						},
						"18.4": {
							"post": [0, 62.5, 0],
							"lerp_mode": "catmullrom"
						},
						"18.5": {
							"post": [0, 2.5, 0],
							"lerp_mode": "catmullrom"
						},
						"18.6": {
							"post": [0, 80, 0],
							"lerp_mode": "catmullrom"
						},
						"18.7": {
							"post": [0, 80, 0],
							"lerp_mode": "catmullrom"
						},
						"19.1": {
							"post": [0, 62.5, 0],
							"lerp_mode": "catmullrom"
						},
						"19.2": {
							"post": [0, 80, 0],
							"lerp_mode": "catmullrom"
						},
						"19.7": {
							"post": [0, 62.5, 0],
							"lerp_mode": "catmullrom"
						},
						"19.8": {
							"post": [0, 2.5, 0],
							"lerp_mode": "catmullrom"
						},
						"19.9": {
							"post": [0, 80, 0],
							"lerp_mode": "catmullrom"
						},
						"20.0": {
							"post": [0, 80, 0],
							"lerp_mode": "catmullrom"
						},
						"20.4": {
							"post": [0, 2.5, 0],
							"lerp_mode": "catmullrom"
						},
						"20.5": {
							"post": [0, 80, 0],
							"lerp_mode": "catmullrom"
						},
						"20.6": {
							"post": [0, 80, 0],
							"lerp_mode": "catmullrom"
						},
						"20.9": {
							"post": [0, 62.5, 0],
							"lerp_mode": "catmullrom"
						},
						"21.0": {
							"post": [0, 2.5, 0],
							"lerp_mode": "catmullrom"
						},
						"21.1": {
							"post": [0, 80, 0],
							"lerp_mode": "catmullrom"
						},
						"21.2": {
							"post": [0, 80, 0],
							"lerp_mode": "catmullrom"
						},
						"21.6": {
							"post": [0, 62.5, 0],
							"lerp_mode": "catmullrom"
						},
						"21.7": {
							"post": [0, 2.5, 0],
							"lerp_mode": "catmullrom"
						},
						"21.8": {
							"post": [0, 80, 0],
							"lerp_mode": "catmullrom"
						},
						"21.9": {
							"post": [0, 80, 0],
							"lerp_mode": "catmullrom"
						},
						"22.3": {
							"post": [0, 62.5, 0],
							"lerp_mode": "catmullrom"
						},
						"22.4": {
							"post": [0, 80, 0],
							"lerp_mode": "catmullrom"
						},
						"22.6": {
							"post": [0, 80, 0],
							"lerp_mode": "catmullrom"
						},
						"23.0": {
							"post": [0, 2.5, 0],
							"lerp_mode": "catmullrom"
						},
						"23.1": {
							"post": [0, 80, 0],
							"lerp_mode": "catmullrom"
						},
						"23.2": {
							"post": [0, 80, 0],
							"lerp_mode": "catmullrom"
						},
						"23.6": {
							"post": [0, 62.5, 0],
							"lerp_mode": "catmullrom"
						},
						"23.7": {
							"post": [0, 2.5, 0],
							"lerp_mode": "catmullrom"
						},
						"23.8": {
							"post": [0, 80, 0],
							"lerp_mode": "catmullrom"
						},
						"23.9": {
							"post": [0, 80, 0],
							"lerp_mode": "catmullrom"
						},
						"24.3": {
							"post": [0, 62.5, 0],
							"lerp_mode": "catmullrom"
						},
						"24.4": {
							"post": [0, 80, 0],
							"lerp_mode": "catmullrom"
						},
						"24.6": {
							"post": [0, 80, 0],
							"lerp_mode": "catmullrom"
						},
						"24.9": {
							"post": [0, 62.5, 0],
							"lerp_mode": "catmullrom"
						},
						"25.0": {
							"post": [0, 2.5, 0],
							"lerp_mode": "catmullrom"
						},
						"25.1": {
							"post": [0, 80, 0],
							"lerp_mode": "catmullrom"
						},
						"25.6": {
							"post": [0, 2.5, 0],
							"lerp_mode": "catmullrom"
						},
						"25.7": {
							"post": [0, 80, 0],
							"lerp_mode": "catmullrom"
						},
						"25.8": {
							"post": [0, 80, 0],
							"lerp_mode": "catmullrom"
						},
						"26.2": {
							"post": [0, 62.5, 0],
							"lerp_mode": "catmullrom"
						},
						"26.3": {
							"post": [0, 2.5, 0],
							"lerp_mode": "catmullrom"
						},
						"26.4": {
							"post": [0, 80, 0],
							"lerp_mode": "catmullrom"
						},
						"26.5": {
							"post": [0, 80, 0],
							"lerp_mode": "catmullrom"
						}
					}
				},
				"finger_first1": {
					"rotation": {
						"5.2": {
							"post": [0, 0, 0],
							"lerp_mode": "catmullrom"
						},
						"7.4": {
							"post": [0, 0, -35],
							"lerp_mode": "catmullrom"
						},
						"7.6": {
							"post": [0, 0, 72.5],
							"lerp_mode": "catmullrom"
						},
						"14.1": {
							"post": [0, 0, 72.5],
							"lerp_mode": "catmullrom"
						},
						"14.5": {
							"post": [0, 0, 35],
							"lerp_mode": "catmullrom"
						},
						"15.1": {
							"post": [0, 0, 90],
							"lerp_mode": "catmullrom"
						}
					}
				},
				"finger_first2": {
					"rotation": {
						"0.0": {
							"post": [0, 0, 27.5],
							"lerp_mode": "catmullrom"
						},
						"5.2": {
							"post": [0, 0, 27.5],
							"lerp_mode": "catmullrom"
						},
						"7.4": {
							"post": [0, 0, -22.5],
							"lerp_mode": "catmullrom"
						},
						"7.6": {
							"post": [0, 0, 72.5],
							"lerp_mode": "catmullrom"
						},
						"14.1": {
							"post": [0, 0, 72.5],
							"lerp_mode": "catmullrom"
						},
						"14.5": {
							"post": [0, 0, 35],
							"lerp_mode": "catmullrom"
						},
						"15.1": {
							"post": [0, 0, 90],
							"lerp_mode": "catmullrom"
						}
					}
				},
				"finger_first3": {
					"rotation": {
						"0.0": {
							"post": [0, 0, 47.5],
							"lerp_mode": "catmullrom"
						},
						"5.2": {
							"post": [0, 0, 47.5],
							"lerp_mode": "catmullrom"
						},
						"7.4": {
							"post": [0, 0, -5],
							"lerp_mode": "catmullrom"
						},
						"7.6": {
							"post": [0, 0, 72.5],
							"lerp_mode": "catmullrom"
						},
						"14.1": {
							"post": [0, 0, 72.5],
							"lerp_mode": "catmullrom"
						},
						"14.5": {
							"post": [0, 0, 35],
							"lerp_mode": "catmullrom"
						},
						"15.1": {
							"post": [0, 0, 90],
							"lerp_mode": "catmullrom"
						}
					}
				},
				"arm2": {
					"rotation": {
						"0.0": {
							"post": [-27.5, 0, 0],
							"lerp_mode": "catmullrom"
						},
						"6.0": {
							"post": [-27.5, 0, 0],
							"lerp_mode": "catmullrom"
						},
						"6.9": {
							"post": [-50, 0, 35],
							"lerp_mode": "catmullrom"
						},
						"7.4": {
							"post": [-50, 32.5, 34.63],
							"lerp_mode": "catmullrom"
						},
						"7.5": {
							"post": [-50, 0, 5],
							"lerp_mode": "catmullrom"
						},
						"7.6": {
							"post": [-50, 2.5, 5],
							"lerp_mode": "catmullrom"
						},
						"7.8": {
							"post": [-50, 0, 5],
							"lerp_mode": "catmullrom"
						},
						"8.1": {
							"post": [-50, 0, 5],
							"lerp_mode": "catmullrom"
						},
						"8.3": {
							"post": [-50, 0, 15],
							"lerp_mode": "catmullrom"
						},
						"8.5": {
							"post": [-50, 0, 5],
							"lerp_mode": "catmullrom"
						},
						"14.1": {
							"post": [-50, 0, 5],
							"lerp_mode": "catmullrom"
						},
						"14.2": {
							"post": [-50, -2.42, 5],
							"lerp_mode": "catmullrom"
						},
						"14.8": {
							"post": [-42.5, 125, 45],
							"lerp_mode": "catmullrom"
						},
						"14.9": {
							"post": [35, 0, 85],
							"lerp_mode": "catmullrom"
						},
						"15.0": {
							"post": [-100, 17.5, 0],
							"lerp_mode": "catmullrom"
						},
						"15.1": {
							"post": [-100, 7.5, 0],
							"lerp_mode": "catmullrom"
						},
						"15.5": {
							"post": [-42.5, 125, 45],
							"lerp_mode": "catmullrom"
						},
						"15.6": {
							"post": [-100, 17.5, 0],
							"lerp_mode": "catmullrom"
						},
						"15.8": {
							"post": [-100, 7.5, 0],
							"lerp_mode": "catmullrom"
						},
						"16.2": {
							"post": [35, 0, 85],
							"lerp_mode": "catmullrom"
						},
						"16.3": {
							"post": [-100, 17.5, 0],
							"lerp_mode": "catmullrom"
						},
						"16.4": {
							"post": [-100, 7.5, 0],
							"lerp_mode": "catmullrom"
						},
						"16.8": {
							"post": [-42.5, 125, 45],
							"lerp_mode": "catmullrom"
						},
						"16.9": {
							"post": [35, 0, 85],
							"lerp_mode": "catmullrom"
						},
						"17.0": {
							"post": [-100, 17.5, 0],
							"lerp_mode": "catmullrom"
						},
						"17.1": {
							"post": [-100, 7.5, 0],
							"lerp_mode": "catmullrom"
						},
						"17.5": {
							"post": [-42.5, 125, 45],
							"lerp_mode": "catmullrom"
						},
						"17.6": {
							"post": [35, 0, 85],
							"lerp_mode": "catmullrom"
						},
						"17.8": {
							"post": [-100, 7.5, 0],
							"lerp_mode": "catmullrom"
						},
						"18.2": {
							"post": [35, 0, 85],
							"lerp_mode": "catmullrom"
						},
						"18.3": {
							"post": [-100, 17.5, 0],
							"lerp_mode": "catmullrom"
						},
						"18.4": {
							"post": [-100, 7.5, 0],
							"lerp_mode": "catmullrom"
						},
						"18.8": {
							"post": [-42.5, 125, 45],
							"lerp_mode": "catmullrom"
						},
						"18.9": {
							"post": [35, 0, 85],
							"lerp_mode": "catmullrom"
						},
						"19.0": {
							"post": [-100, 17.5, 0],
							"lerp_mode": "catmullrom"
						},
						"19.4": {
							"post": [-42.5, 125, 45],
							"lerp_mode": "catmullrom"
						},
						"19.5": {
							"post": [35, 0, 85],
							"lerp_mode": "catmullrom"
						},
						"19.6": {
							"post": [-100, 17.5, 0],
							"lerp_mode": "catmullrom"
						},
						"19.7": {
							"post": [-100, 7.5, 0],
							"lerp_mode": "catmullrom"
						},
						"20.1": {
							"post": [-42.5, 125, 45],
							"lerp_mode": "catmullrom"
						},
						"20.2": {
							"post": [-100, 17.5, 0],
							"lerp_mode": "catmullrom"
						},
						"20.4": {
							"post": [-100, 7.5, 0],
							"lerp_mode": "catmullrom"
						},
						"20.6": {
							"post": [-42.5, 125, 45],
							"lerp_mode": "catmullrom"
						},
						"20.7": {
							"post": [35, 0, 85],
							"lerp_mode": "catmullrom"
						},
						"20.8": {
							"post": [-100, 17.5, 0],
							"lerp_mode": "catmullrom"
						},
						"20.9": {
							"post": [-100, 7.5, 0],
							"lerp_mode": "catmullrom"
						},
						"21.3": {
							"post": [-42.5, 125, 45],
							"lerp_mode": "catmullrom"
						},
						"21.4": {
							"post": [35, 0, 85],
							"lerp_mode": "catmullrom"
						},
						"21.5": {
							"post": [-100, 17.5, 0],
							"lerp_mode": "catmullrom"
						},
						"21.6": {
							"post": [-100, 7.5, 0],
							"lerp_mode": "catmullrom"
						},
						"22.0": {
							"post": [-42.5, 125, 45],
							"lerp_mode": "catmullrom"
						},
						"22.1": {
							"post": [35, 0, 85],
							"lerp_mode": "catmullrom"
						},
						"22.2": {
							"post": [-100, 17.5, 0],
							"lerp_mode": "catmullrom"
						},
						"22.3": {
							"post": [-100, 7.5, 0],
							"lerp_mode": "catmullrom"
						},
						"22.7": {
							"post": [-42.5, 125, 45],
							"lerp_mode": "catmullrom"
						},
						"22.8": {
							"post": [-100, 17.5, 0],
							"lerp_mode": "catmullrom"
						},
						"23.0": {
							"post": [-100, 7.5, 0],
							"lerp_mode": "catmullrom"
						},
						"23.3": {
							"post": [-42.5, 125, 45],
							"lerp_mode": "catmullrom"
						},
						"23.4": {
							"post": [35, 0, 85],
							"lerp_mode": "catmullrom"
						},
						"23.5": {
							"post": [-100, 17.5, 0],
							"lerp_mode": "catmullrom"
						},
						"23.6": {
							"post": [-100, 7.5, 0],
							"lerp_mode": "catmullrom"
						},
						"24.0": {
							"post": [-42.5, 125, 45],
							"lerp_mode": "catmullrom"
						},
						"24.1": {
							"post": [35, 0, 85],
							"lerp_mode": "catmullrom"
						},
						"24.2": {
							"post": [-100, 17.5, 0],
							"lerp_mode": "catmullrom"
						},
						"24.3": {
							"post": [-100, 7.5, 0],
							"lerp_mode": "catmullrom"
						},
						"24.6": {
							"post": [-42.5, 125, 45],
							"lerp_mode": "catmullrom"
						},
						"24.7": {
							"post": [35, 0, 85],
							"lerp_mode": "catmullrom"
						},
						"24.8": {
							"post": [-100, 17.5, 0],
							"lerp_mode": "catmullrom"
						},
						"25.3": {
							"post": [-42.5, 125, 45],
							"lerp_mode": "catmullrom"
						},
						"25.4": {
							"post": [-100, 17.5, 0],
							"lerp_mode": "catmullrom"
						},
						"25.6": {
							"post": [-100, 7.5, 0],
							"lerp_mode": "catmullrom"
						},
						"25.9": {
							"post": [-42.5, 125, 45],
							"lerp_mode": "catmullrom"
						},
						"26.0": {
							"post": [35, 0, 85],
							"lerp_mode": "catmullrom"
						},
						"26.1": {
							"post": [-100, 17.5, 0],
							"lerp_mode": "catmullrom"
						},
						"26.2": {
							"post": [-100, 7.5, 0],
							"lerp_mode": "catmullrom"
						}
					}
				},
				"arm_longerpart2": {
					"rotation": {
						"0.0": {
							"post": [-80, -67.5, -12.5],
							"lerp_mode": "catmullrom"
						},
						"6.4": {
							"post": [-80, -67.5, -12.5],
							"lerp_mode": "catmullrom"
						},
						"7.4": {
							"post": [-135, -67.5, 40],
							"lerp_mode": "catmullrom"
						},
						"7.6": {
							"post": [-135, -67.5, 57.5],
							"lerp_mode": "catmullrom"
						},
						"8.1": {
							"post": [-135, -67.5, 57.5],
							"lerp_mode": "catmullrom"
						},
						"8.6": {
							"post": [-135, -67.5, 57.5],
							"lerp_mode": "catmullrom"
						},
						"14.1": {
							"post": [-135, -67.5, 57.5],
							"lerp_mode": "catmullrom"
						},
						"14.2": {
							"post": [-135, -67.5, 57.5],
							"lerp_mode": "catmullrom"
						},
						"14.8": {
							"post": [20, -15, -122.5],
							"lerp_mode": "catmullrom"
						},
						"14.9": {
							"post": [-117.5, 0, 0],
							"lerp_mode": "catmullrom"
						},
						"15.0": {
							"post": [0, 0, 0],
							"lerp_mode": "catmullrom"
						},
						"15.1": {
							"post": [0, 0, -5],
							"lerp_mode": "catmullrom"
						},
						"15.5": {
							"post": [20, -15, -122.5],
							"lerp_mode": "catmullrom"
						},
						"15.6": {
							"post": [0, 0, 0],
							"lerp_mode": "catmullrom"
						},
						"15.8": {
							"post": [0, 0, -5],
							"lerp_mode": "catmullrom"
						},
						"16.2": {
							"post": [-117.5, 0, 0],
							"lerp_mode": "catmullrom"
						},
						"16.3": {
							"post": [0, 0, 0],
							"lerp_mode": "catmullrom"
						},
						"16.4": {
							"post": [0, 0, -5],
							"lerp_mode": "catmullrom"
						},
						"16.8": {
							"post": [20, -15, -122.5],
							"lerp_mode": "catmullrom"
						},
						"16.9": {
							"post": [-117.5, 0, 0],
							"lerp_mode": "catmullrom"
						},
						"17.0": {
							"post": [0, 0, 0],
							"lerp_mode": "catmullrom"
						},
						"17.1": {
							"post": [0, 0, -5],
							"lerp_mode": "catmullrom"
						},
						"17.5": {
							"post": [20, -15, -122.5],
							"lerp_mode": "catmullrom"
						},
						"17.6": {
							"post": [0, 0, 0],
							"lerp_mode": "catmullrom"
						},
						"17.8": {
							"post": [0, 0, -5],
							"lerp_mode": "catmullrom"
						},
						"18.2": {
							"post": [-117.5, 0, 0],
							"lerp_mode": "catmullrom"
						},
						"18.3": {
							"post": [0, 0, 0],
							"lerp_mode": "catmullrom"
						},
						"18.4": {
							"post": [0, 0, -5],
							"lerp_mode": "catmullrom"
						},
						"18.8": {
							"post": [20, -15, -122.5],
							"lerp_mode": "catmullrom"
						},
						"18.9": {
							"post": [-117.5, 0, 0],
							"lerp_mode": "catmullrom"
						},
						"19.0": {
							"post": [0, 0, 0],
							"lerp_mode": "catmullrom"
						},
						"19.4": {
							"post": [20, -15, -122.5],
							"lerp_mode": "catmullrom"
						},
						"19.5": {
							"post": [-117.5, 0, 0],
							"lerp_mode": "catmullrom"
						},
						"19.6": {
							"post": [0, 0, 0],
							"lerp_mode": "catmullrom"
						},
						"19.7": {
							"post": [0, 0, -5],
							"lerp_mode": "catmullrom"
						},
						"20.1": {
							"post": [20, -15, -122.5],
							"lerp_mode": "catmullrom"
						},
						"20.2": {
							"post": [0, 0, 0],
							"lerp_mode": "catmullrom"
						},
						"20.4": {
							"post": [0, 0, -5],
							"lerp_mode": "catmullrom"
						},
						"20.6": {
							"post": [20, -15, -122.5],
							"lerp_mode": "catmullrom"
						},
						"20.7": {
							"post": [-117.5, 0, 0],
							"lerp_mode": "catmullrom"
						},
						"20.8": {
							"post": [0, 0, 0],
							"lerp_mode": "catmullrom"
						},
						"20.9": {
							"post": [0, 0, -5],
							"lerp_mode": "catmullrom"
						},
						"21.3": {
							"post": [20, -15, -122.5],
							"lerp_mode": "catmullrom"
						},
						"21.4": {
							"post": [-117.5, 0, 0],
							"lerp_mode": "catmullrom"
						},
						"21.5": {
							"post": [0, 0, 0],
							"lerp_mode": "catmullrom"
						},
						"21.6": {
							"post": [0, 0, -5],
							"lerp_mode": "catmullrom"
						},
						"22.0": {
							"post": [20, -15, -122.5],
							"lerp_mode": "catmullrom"
						},
						"22.1": {
							"post": [-117.5, 0, 0],
							"lerp_mode": "catmullrom"
						},
						"22.2": {
							"post": [0, 0, 0],
							"lerp_mode": "catmullrom"
						},
						"22.3": {
							"post": [0, 0, -5],
							"lerp_mode": "catmullrom"
						},
						"22.7": {
							"post": [20, -15, -122.5],
							"lerp_mode": "catmullrom"
						},
						"22.8": {
							"post": [0, 0, 0],
							"lerp_mode": "catmullrom"
						},
						"23.0": {
							"post": [0, 0, -5],
							"lerp_mode": "catmullrom"
						},
						"23.3": {
							"post": [20, -15, -122.5],
							"lerp_mode": "catmullrom"
						},
						"23.4": {
							"post": [-117.5, 0, 0],
							"lerp_mode": "catmullrom"
						},
						"23.5": {
							"post": [0, 0, 0],
							"lerp_mode": "catmullrom"
						},
						"23.6": {
							"post": [0, 0, -5],
							"lerp_mode": "catmullrom"
						},
						"24.0": {
							"post": [20, -15, -122.5],
							"lerp_mode": "catmullrom"
						},
						"24.1": {
							"post": [-117.5, 0, 0],
							"lerp_mode": "catmullrom"
						},
						"24.2": {
							"post": [0, 0, 0],
							"lerp_mode": "catmullrom"
						},
						"24.3": {
							"post": [0, 0, -5],
							"lerp_mode": "catmullrom"
						},
						"24.6": {
							"post": [20, -15, -122.5],
							"lerp_mode": "catmullrom"
						},
						"24.7": {
							"post": [-117.5, 0, 0],
							"lerp_mode": "catmullrom"
						},
						"24.8": {
							"post": [0, 0, 0],
							"lerp_mode": "catmullrom"
						},
						"25.3": {
							"post": [20, -15, -122.5],
							"lerp_mode": "catmullrom"
						},
						"25.4": {
							"post": [0, 0, 0],
							"lerp_mode": "catmullrom"
						},
						"25.6": {
							"post": [0, 0, -5],
							"lerp_mode": "catmullrom"
						},
						"25.9": {
							"post": [20, -15, -122.5],
							"lerp_mode": "catmullrom"
						},
						"26.0": {
							"post": [-117.5, 0, 0],
							"lerp_mode": "catmullrom"
						},
						"26.1": {
							"post": [0, 0, 0],
							"lerp_mode": "catmullrom"
						},
						"26.2": {
							"post": [0, 0, -5],
							"lerp_mode": "catmullrom"
						}
					},
					"scale": {
						"0.0": {
							"post": [1, 1.2, 1],
							"lerp_mode": "catmullrom"
						}
					}
				},
				"hand2": {
					"rotation": {
						"0.0": {
							"post": [12.5, -30, -60],
							"lerp_mode": "catmullrom"
						},
						"5.8": {
							"post": [12.5, -30, -60],
							"lerp_mode": "catmullrom"
						},
						"6.3": {
							"post": [-0.7, -17.81, -72.34],
							"lerp_mode": "catmullrom"
						},
						"7.1": {
							"post": [-20, 0, 45],
							"lerp_mode": "catmullrom"
						},
						"7.4": {
							"post": [-20, 0, 45],
							"lerp_mode": "catmullrom"
						},
						"7.9": {
							"post": [-35.95, 25.34, 9.1],
							"lerp_mode": "catmullrom"
						},
						"8.0": {
							"post": [-30, 30, 2.5],
							"lerp_mode": "catmullrom"
						},
						"8.4": {
							"post": [-20, 0, 87.5],
							"lerp_mode": "catmullrom"
						},
						"14.1": {
							"post": [-20, 0, 87.5],
							"lerp_mode": "catmullrom"
						},
						"14.2": {
							"post": [-20, 0, 87.5],
							"lerp_mode": "catmullrom"
						},
						"14.8": {
							"post": [0, -62.5, 0],
							"lerp_mode": "catmullrom"
						},
						"14.9": {
							"post": [0, -2.5, 0],
							"lerp_mode": "catmullrom"
						},
						"15.0": {
							"post": [0, -80, 0],
							"lerp_mode": "catmullrom"
						},
						"15.1": {
							"post": [0, -80, 0],
							"lerp_mode": "catmullrom"
						},
						"15.5": {
							"post": [0, -62.5, 0],
							"lerp_mode": "catmullrom"
						},
						"15.6": {
							"post": [0, -80, 0],
							"lerp_mode": "catmullrom"
						},
						"15.8": {
							"post": [0, -80, 0],
							"lerp_mode": "catmullrom"
						},
						"16.2": {
							"post": [0, -2.5, 0],
							"lerp_mode": "catmullrom"
						},
						"16.3": {
							"post": [0, -80, 0],
							"lerp_mode": "catmullrom"
						},
						"16.4": {
							"post": [0, -80, 0],
							"lerp_mode": "catmullrom"
						},
						"16.8": {
							"post": [0, -62.5, 0],
							"lerp_mode": "catmullrom"
						},
						"16.9": {
							"post": [0, -2.5, 0],
							"lerp_mode": "catmullrom"
						},
						"17.0": {
							"post": [0, -80, 0],
							"lerp_mode": "catmullrom"
						},
						"17.1": {
							"post": [0, -80, 0],
							"lerp_mode": "catmullrom"
						},
						"17.5": {
							"post": [0, -62.5, 0],
							"lerp_mode": "catmullrom"
						},
						"17.6": {
							"post": [0, -80, 0],
							"lerp_mode": "catmullrom"
						},
						"17.8": {
							"post": [0, -80, 0],
							"lerp_mode": "catmullrom"
						},
						"18.2": {
							"post": [0, -2.5, 0],
							"lerp_mode": "catmullrom"
						},
						"18.3": {
							"post": [0, -80, 0],
							"lerp_mode": "catmullrom"
						},
						"18.4": {
							"post": [0, -80, 0],
							"lerp_mode": "catmullrom"
						},
						"18.8": {
							"post": [0, -62.5, 0],
							"lerp_mode": "catmullrom"
						},
						"18.9": {
							"post": [0, -2.5, 0],
							"lerp_mode": "catmullrom"
						},
						"19.0": {
							"post": [0, -80, 0],
							"lerp_mode": "catmullrom"
						},
						"19.4": {
							"post": [0, -62.5, 0],
							"lerp_mode": "catmullrom"
						},
						"19.5": {
							"post": [0, -2.5, 0],
							"lerp_mode": "catmullrom"
						},
						"19.6": {
							"post": [0, -80, 0],
							"lerp_mode": "catmullrom"
						},
						"19.7": {
							"post": [0, -80, 0],
							"lerp_mode": "catmullrom"
						},
						"20.1": {
							"post": [0, -62.5, 0],
							"lerp_mode": "catmullrom"
						},
						"20.2": {
							"post": [0, -80, 0],
							"lerp_mode": "catmullrom"
						},
						"20.4": {
							"post": [0, -80, 0],
							"lerp_mode": "catmullrom"
						},
						"20.6": {
							"post": [0, -62.5, 0],
							"lerp_mode": "catmullrom"
						},
						"20.7": {
							"post": [0, -2.5, 0],
							"lerp_mode": "catmullrom"
						},
						"20.8": {
							"post": [0, -80, 0],
							"lerp_mode": "catmullrom"
						},
						"20.9": {
							"post": [0, -80, 0],
							"lerp_mode": "catmullrom"
						},
						"21.3": {
							"post": [0, -62.5, 0],
							"lerp_mode": "catmullrom"
						},
						"21.4": {
							"post": [0, -2.5, 0],
							"lerp_mode": "catmullrom"
						},
						"21.5": {
							"post": [0, -80, 0],
							"lerp_mode": "catmullrom"
						},
						"21.6": {
							"post": [0, -80, 0],
							"lerp_mode": "catmullrom"
						},
						"22.0": {
							"post": [0, -62.5, 0],
							"lerp_mode": "catmullrom"
						},
						"22.1": {
							"post": [0, -2.5, 0],
							"lerp_mode": "catmullrom"
						},
						"22.2": {
							"post": [0, -80, 0],
							"lerp_mode": "catmullrom"
						},
						"22.3": {
							"post": [0, -80, 0],
							"lerp_mode": "catmullrom"
						},
						"22.7": {
							"post": [0, -62.5, 0],
							"lerp_mode": "catmullrom"
						},
						"22.8": {
							"post": [0, -80, 0],
							"lerp_mode": "catmullrom"
						},
						"23.0": {
							"post": [0, -80, 0],
							"lerp_mode": "catmullrom"
						},
						"23.3": {
							"post": [0, -62.5, 0],
							"lerp_mode": "catmullrom"
						},
						"23.4": {
							"post": [0, -2.5, 0],
							"lerp_mode": "catmullrom"
						},
						"23.5": {
							"post": [0, -80, 0],
							"lerp_mode": "catmullrom"
						},
						"23.6": {
							"post": [0, -80, 0],
							"lerp_mode": "catmullrom"
						},
						"24.0": {
							"post": [0, -62.5, 0],
							"lerp_mode": "catmullrom"
						},
						"24.1": {
							"post": [0, -2.5, 0],
							"lerp_mode": "catmullrom"
						},
						"24.2": {
							"post": [0, -80, 0],
							"lerp_mode": "catmullrom"
						},
						"24.3": {
							"post": [0, -80, 0],
							"lerp_mode": "catmullrom"
						},
						"24.6": {
							"post": [0, -62.5, 0],
							"lerp_mode": "catmullrom"
						},
						"24.7": {
							"post": [0, -2.5, 0],
							"lerp_mode": "catmullrom"
						},
						"24.8": {
							"post": [0, -80, 0],
							"lerp_mode": "catmullrom"
						},
						"25.3": {
							"post": [0, -62.5, 0],
							"lerp_mode": "catmullrom"
						},
						"25.4": {
							"post": [0, -80, 0],
							"lerp_mode": "catmullrom"
						},
						"25.6": {
							"post": [0, -80, 0],
							"lerp_mode": "catmullrom"
						},
						"25.9": {
							"post": [0, -62.5, 0],
							"lerp_mode": "catmullrom"
						},
						"26.0": {
							"post": [0, -2.5, 0],
							"lerp_mode": "catmullrom"
						},
						"26.1": {
							"post": [0, -80, 0],
							"lerp_mode": "catmullrom"
						},
						"26.2": {
							"post": [0, -80, 0],
							"lerp_mode": "catmullrom"
						}
					}
				},
				"finger_second1": {
					"rotation": {
						"6.4": {
							"post": [0, 0, 0],
							"lerp_mode": "catmullrom"
						},
						"7.2": {
							"post": [0, 0, 22.5],
							"lerp_mode": "catmullrom"
						},
						"7.4": {
							"post": [0, 0, -92.5],
							"lerp_mode": "catmullrom"
						},
						"8.2": {
							"post": [0, 0, -92.5],
							"lerp_mode": "catmullrom"
						},
						"8.5": {
							"post": [0, 0, -35],
							"lerp_mode": "catmullrom"
						},
						"8.6": {
							"post": [0, 0, -87.5],
							"lerp_mode": "catmullrom"
						},
						"13.8": {
							"post": [0, 0, -87.5],
							"lerp_mode": "catmullrom"
						},
						"14.8": {
							"post": [0, 0, -90],
							"lerp_mode": "catmullrom"
						}
					}
				},
				"finger_second2": {
					"rotation": {
						"0.0": {
							"post": [0, 0, -20],
							"lerp_mode": "catmullrom"
						},
						"6.4": {
							"post": [0, 0, -20],
							"lerp_mode": "catmullrom"
						},
						"7.2": {
							"post": [0, 0, -2.5],
							"lerp_mode": "catmullrom"
						},
						"7.4": {
							"post": [0, 0, -92.5],
							"lerp_mode": "catmullrom"
						},
						"8.2": {
							"post": [0, 0, -92.5],
							"lerp_mode": "catmullrom"
						},
						"8.5": {
							"post": [0, 0, -35],
							"lerp_mode": "catmullrom"
						},
						"8.6": {
							"post": [0, 0, -87.5],
							"lerp_mode": "catmullrom"
						},
						"13.8": {
							"post": [0, 0, -87.5],
							"lerp_mode": "catmullrom"
						},
						"14.8": {
							"post": [0, 0, -90],
							"lerp_mode": "catmullrom"
						}
					}
				},
				"finger_second3": {
					"rotation": {
						"0.0": {
							"post": [0, 0, -50],
							"lerp_mode": "catmullrom"
						},
						"6.4": {
							"post": [0, 0, -50],
							"lerp_mode": "catmullrom"
						},
						"7.2": {
							"post": [0, 0, -27.5],
							"lerp_mode": "catmullrom"
						},
						"7.4": {
							"post": [0, 0, -92.5],
							"lerp_mode": "catmullrom"
						},
						"8.2": {
							"post": [0, 0, -92.5],
							"lerp_mode": "catmullrom"
						},
						"8.5": {
							"post": [0, 0, -35],
							"lerp_mode": "catmullrom"
						},
						"8.6": {
							"post": [0, 0, -87.5],
							"lerp_mode": "catmullrom"
						},
						"13.8": {
							"post": [0, 0, -87.5],
							"lerp_mode": "catmullrom"
						},
						"14.8": {
							"post": [0, 0, -90],
							"lerp_mode": "catmullrom"
						}
					}
				},
				"leg1": {
					"rotation": {
						"0.0": {
							"post": [0, -7.5, 0],
							"lerp_mode": "catmullrom"
						}
					}
				},
				"leg2": {
					"rotation": {
						"0.0": {
							"post": [0, 7.5, 0],
							"lerp_mode": "catmullrom"
						}
					}
				},
				"head": {
					"rotation": {
						"0.0": {
							"post": [50, 0, 0],
							"lerp_mode": "catmullrom"
						},
						"14.0": {
							"post": [20, 0, 0],
							"lerp_mode": "catmullrom"
						},
						"15.0": {
							"post": [10, 0, 0],
							"lerp_mode": "catmullrom"
						}
					},
					"position": {
						"0.0": {
							"post": [0, 35, -2],
							"lerp_mode": "catmullrom"
						}
					}
				}
			}
		}
	}
}