{
	"format_version": "1.8.0",
	"animations": {
		"animation.entity2.walk": {
			"loop": true,
			"animation_length": 1.04,
			"bones": {
				"all": {
					"position": {
						"0.0": {
							"post": [0, -2, 0],
							"lerp_mode": "catmullrom"
						},
						"0.52": {
							"post": [0, 0, 0],
							"lerp_mode": "catmullrom"
						},
						"1.04": {
							"post": [0, -2, 0],
							"lerp_mode": "catmullrom"
						}
					}
				},
				"body": {
					"rotation": {
						"0.0": {
							"post": [37.5, 0, 0],
							"lerp_mode": "catmullrom"
						}
					},
					"position": {
						"0.0": {
							"post": [0, 3, 0],
							"lerp_mode": "catmullrom"
						}
					}
				},
				"neck": {
					"rotation": {
						"0.0": {
							"post": [-17.5, 0, 0],
							"lerp_mode": "catmullrom"
						}
					}
				},
				"head": {
					"rotation": {
						"0.0": {
							"post": [-37.5, 0, 0],
							"lerp_mode": "catmullrom"
						}
					}
				},
				"Jaw": {
					"rotation": {
						"0.0": {
							"post": [22.5, 0, 0],
							"lerp_mode": "catmullrom"
						},
						"0.52": {
							"post": [2.5, 0, 0],
							"lerp_mode": "catmullrom"
						},
						"1.04": {
							"post": [22.5, 0, 0],
							"lerp_mode": "catmullrom"
						}
					}
				},
				"leg0": {
					"rotation": {
						"0.0": {
							"post": [0, 0, 0],
							"lerp_mode": "catmullrom"
						},
						"0.12": {
							"post": [-10, 0, 0],
							"lerp_mode": "catmullrom"
						},
						"0.52": {
							"post": [-45, 0, 0],
							"lerp_mode": "catmullrom"
						},
						"1.04": {
							"post": [0, 0, 0],
							"lerp_mode": "catmullrom"
						}
					}
				},
				"legtip0": {
					"rotation": {
						"0.0": {
							"post": [10, 0, 0],
							"lerp_mode": "catmullrom"
						},
						"0.28": {
							"post": [22.5, 0, 0],
							"lerp_mode": "catmullrom"
						},
						"0.52": {
							"post": [-52.53, 0, 0],
							"lerp_mode": "catmullrom"
						},
						"1.04": {
							"post": [10, 0, 0],
							"lerp_mode": "catmullrom"
						}
					}
				},
				"leg1": {
					"rotation": {
						"0.0": {
							"post": [-35, 0, 0],
							"lerp_mode": "catmullrom"
						},
						"0.12": {
							"post": [-34.23, 10.77, 0],
							"lerp_mode": "catmullrom"
						},
						"0.52": {
							"post": [0, 35, 0],
							"lerp_mode": "catmullrom"
						},
						"1.04": {
							"post": [-35, 0, 0],
							"lerp_mode": "catmullrom"
						}
					}
				},
				"legtip1": {
					"rotation": {
						"0.0": {
							"post": [-60, 0, 0],
							"lerp_mode": "catmullrom"
						},
						"0.52": {
							"post": [5, 0, 0],
							"lerp_mode": "catmullrom"
						},
						"0.64": {
							"post": [20, 0, 0],
							"lerp_mode": "catmullrom"
						},
						"1.04": {
							"post": [-60, 0, 0],
							"lerp_mode": "catmullrom"
						}
					}
				},
				"leg2": {
					"rotation": {
						"0.0": {
							"post": [0, 0, 0],
							"lerp_mode": "catmullrom"
						},
						"0.12": {
							"post": [10, 0, 0],
							"lerp_mode": "catmullrom"
						},
						"0.52": {
							"post": [45, 0, 0],
							"lerp_mode": "catmullrom"
						},
						"1.04": {
							"post": [0, 0, 0],
							"lerp_mode": "catmullrom"
						}
					}
				},
				"legtip2": {
					"rotation": {
						"0.0": {
							"post": [-10, 0, 0],
							"lerp_mode": "catmullrom"
						},
						"0.28": {
							"post": [-22.5, 0, 0],
							"lerp_mode": "catmullrom"
						},
						"0.52": {
							"post": [52.53, 0, 0],
							"lerp_mode": "catmullrom"
						},
						"1.04": {
							"post": [-10, 0, 0],
							"lerp_mode": "catmullrom"
						}
					}
				},
				"leg3": {
					"rotation": {
						"0.0": {
							"post": [35, 0, 0],
							"lerp_mode": "catmullrom"
						},
						"0.12": {
							"post": [34.23, 10.77, 0],
							"lerp_mode": "catmullrom"
						},
						"0.52": {
							"post": [0, 35, 0],
							"lerp_mode": "catmullrom"
						},
						"1.04": {
							"post": [35, 0, 0],
							"lerp_mode": "catmullrom"
						}
					}
				},
				"legtip3": {
					"rotation": {
						"0.0": {
							"post": [60, 0, 0],
							"lerp_mode": "catmullrom"
						},
						"0.52": {
							"post": [-5, 0, 0],
							"lerp_mode": "catmullrom"
						},
						"0.64": {
							"post": [-20, 0, 0],
							"lerp_mode": "catmullrom"
						},
						"1.04": {
							"post": [60, 0, 0],
							"lerp_mode": "catmullrom"
						}
					}
				}
			}
		},
		"animation.entity2.attack": {
			"loop": true,
			"animation_length": 0.96,
			"anim_time_update": "query.anim_time + query.delta_time*1.5",
			"bones": {
				"body": {
					"rotation": {
						"0.0": [0, 0, 0],
						"0.24": [-20, 0, 0],
						"0.36": {
							"post": ["52.08+math.cos(query.anim_time * 40000) * -0.5", 0, 0],
							"lerp_mode": "catmullrom"
						},
						"0.4": {
							"post": ["52.08+math.cos(query.anim_time * 40000) * -0.5", 0, 0],
							"lerp_mode": "catmullrom"
						},
						"0.44": {
							"post": ["52.08+math.cos(query.anim_time * 40000) * -0.5", 0, 0],
							"lerp_mode": "catmullrom"
						},
						"0.52": {
							"post": ["52.08+math.cos(query.anim_time * 40000) * -0.5", 0, 0],
							"lerp_mode": "catmullrom"
						},
						"0.6": {
							"post": ["52.08+math.cos(query.anim_time * 40000) * -0.5", 0, 0],
							"lerp_mode": "catmullrom"
						},
						"0.68": {
							"post": ["52.08+math.cos(query.anim_time * 40000) * -0.5", 0, 0],
							"lerp_mode": "catmullrom"
						},
						"0.76": {
							"post": ["52.08+math.cos(query.anim_time * 40000) * -0.5", 0, 0],
							"lerp_mode": "catmullrom"
						},
						"0.96": [0, 0, 0]
					},
					"position": {
						"0.0": [0, 0, 0],
						"0.24": [0, 4, 0],
						"0.76": [0, 4, 0],
						"0.96": [0, 0, 0]
					}
				},
				"neck": {
					"rotation": {
						"0.0": [0, 0, 0],
						"0.24": [-10, 0, 0],
						"0.76": [4.72, 0, 0],
						"0.96": [0, 0, 0]
					}
				},
				"head": {
					"rotation": {
						"0.0": [0, 0, 0],
						"0.24": [-62.5, 0, 0],
						"0.36": {
							"post": ["-52.08+math.cos(query.anim_time * 40000) * -0.5", 0, 0],
							"lerp_mode": "catmullrom"
						},
						"0.4": {
							"post": ["-52.08+math.cos(query.anim_time * 40000) * -0.5", 0, 0],
							"lerp_mode": "catmullrom"
						},
						"0.44": {
							"post": ["-52.08+math.cos(query.anim_time * 40000) * -0.5", 0, 0],
							"lerp_mode": "catmullrom"
						},
						"0.52": {
							"post": ["-52.08+math.cos(query.anim_time * 40000) * -0.5", 0, 0],
							"lerp_mode": "catmullrom"
						},
						"0.6": {
							"post": ["-52.08+math.cos(query.anim_time * 40000) * -0.5", 0, 0],
							"lerp_mode": "catmullrom"
						},
						"0.68": {
							"post": ["-52.08+math.cos(query.anim_time * 40000) * -0.5", 0, 0],
							"lerp_mode": "catmullrom"
						},
						"0.76": {
							"post": ["-52.08+math.cos(query.anim_time * 40000) * -0.5", 0, 0],
							"lerp_mode": "catmullrom"
						},
						"0.96": [0, 0, 0]
					}
				},
				"Jaw": {
					"rotation": {
						"0.0": [0, 0, 0],
						"0.24": [62.5, 0, 0],
						"0.36": {
							"post": ["52.08+math.cos(query.anim_time * 40000) * -0.5", 0, 0],
							"lerp_mode": "catmullrom"
						},
						"0.4": {
							"post": ["52.08+math.cos(query.anim_time * 40000) * -0.5", 0, 0],
							"lerp_mode": "catmullrom"
						},
						"0.44": {
							"post": ["52.08+math.cos(query.anim_time * 40000) * -0.5", 0, 0],
							"lerp_mode": "catmullrom"
						},
						"0.52": {
							"post": ["52.08+math.cos(query.anim_time * 40000) * -0.5", 0, 0],
							"lerp_mode": "catmullrom"
						},
						"0.6": {
							"post": ["52.08+math.cos(query.anim_time * 40000) * -0.5", 0, 0],
							"lerp_mode": "catmullrom"
						},
						"0.68": {
							"post": ["52.08+math.cos(query.anim_time * 40000) * -0.5", 0, 0],
							"lerp_mode": "catmullrom"
						},
						"0.76": {
							"post": ["52.08+math.cos(query.anim_time * 40000) * -0.5", 0, 0],
							"lerp_mode": "catmullrom"
						},
						"0.96": [0, 0, 0]
					}
				}
			}
		},
		"animation.entity2.idle": {
			"loop": true,
			"animation_length": 2.08,
			"bones": {
				"head": {
					"rotation": {
						"0.0": {
							"post": [10, 0, 0],
							"lerp_mode": "catmullrom"
						},
						"0.56": {
							"post": [3.85, 0, -17.5],
							"lerp_mode": "catmullrom"
						},
						"1.04": {
							"post": [0, 0, 0],
							"lerp_mode": "catmullrom"
						},
						"1.56": {
							"post": [4.76, 0, 13.59],
							"lerp_mode": "catmullrom"
						},
						"2.08": {
							"post": [10, 0, 0],
							"lerp_mode": "catmullrom"
						}
					}
				},
				"Jaw": {
					"rotation": {
						"0.0": {
							"post": [0, 0, 0],
							"lerp_mode": "catmullrom"
						},
						"1.04": {
							"post": [17.5, 0, 0],
							"lerp_mode": "catmullrom"
						},
						"2.08": {
							"post": [0, 0, 0],
							"lerp_mode": "catmullrom"
						}
					}
				}
			}
		},
		"animation.entity2.casting": {
			"loop": true,
			"animation_length": 0.88,
			"bones": {
				"head": {
					"rotation": {
						"0.0": [10, 0, 0],
						"0.36": [-77.5, 0, 0],
						"0.52": [-77.5, 0, 0],
						"0.68": [-77.5, 0, 0],
						"0.88": [0, 0, 0]
					},
					"position": {
						"0.0": [0, 0, 0],
						"0.36": [0, -1, 0],
						"0.68": [0, -1, 0],
						"0.88": [0, 0, 0]
					}
				},
				"Jaw": {
					"rotation": {
						"0.0": [0, 0, 0],
						"0.36": [30, 0, 0],
						"0.52": [25, 0, 0],
						"0.68": [35, 0, 0],
						"0.88": [0, 0, 0]
					}
				}
			},
			"sound_effects": {
				"0.52": {
					"effect": "trouble"
				}
			}
		},
		"animation.entity.walk": {
			"loop": true,
			"animation_length": 0.96,
			"anim_time_update": "query.modified_distance_moved * 0.05",
			"bones": {
				"all": {
					"position": {
						"0.0": [0, 0, 0],
						"0.24": [0, -1, 0],
						"0.48": [0, 0, 0],
						"0.72": [0, -1, 0],
						"0.96": [0, 0, 0]
					}
				},
				"rightleg": {
					"rotation": {
						"0.0": [-45, 0, 0],
						"0.24": [-5, 0, 0],
						"0.48": [45, 0, 0],
						"0.72": [-35, 0, 0],
						"0.96": [-45, 0, 0]
					},
					"position": {
						"0.0": [0, -5, 0],
						"0.24": [0, 0, 0],
						"0.48": [0, -5, 0],
						"0.72": [0, 0, 0],
						"0.96": [0, -5, 0]
					}
				},
				"rightknee": {
					"rotation": {
						"0.0": [30, 0, 0],
						"0.24": [10, 0, 0],
						"0.48": [40, 0, 0],
						"0.72": [115, 0, 0],
						"0.88": [30, 0, 0]
					}
				},
				"rightfoot": {
					"rotation": {
						"0.0": [15, 0, 0],
						"0.24": [-5, 0, 0],
						"0.48": [30, 0, 0],
						"0.72": [10, 0, 0],
						"0.88": [15, 0, 0]
					}
				},
				"leftleg": {
					"rotation": {
						"0.0": [30, 0, 0],
						"0.24": [-35, 0, 0],
						"0.48": [-50, 0, 0],
						"0.72": [-5, 0, 0],
						"0.96": [30, 0, 0]
					},
					"position": {
						"0.0": [0, -5, 0],
						"0.24": [0, 0, 0],
						"0.48": [0, -5, 0],
						"0.72": [0, 0, 0],
						"0.96": [0, -5, 0]
					}
				},
				"leftknee": {
					"rotation": {
						"0.0": [30, 0, 0],
						"0.24": [115, 0, 0],
						"0.48": [25, 0, 0],
						"0.72": [10, 0, 0],
						"0.96": [30, 0, 0]
					}
				},
				"leftfoot": {
					"rotation": {
						"0.0": [30, 0, 0],
						"0.24": [10, 0, 0],
						"0.48": [10, 0, 0],
						"0.72": [-5, 0, 0],
						"0.92": [30, 0, 0]
					}
				},
				"hip": {
					"position": {
						"0.0": [0, -5, 0],
						"0.24": [0, 0, 0],
						"0.48": [0, -5, 0],
						"0.72": [0, 0, 0],
						"0.96": [0, -5, 0]
					}
				},
				"rightarm": {
					"rotation": {
						"0.0": [15, 0, 0],
						"0.24": [-5, 0, 0],
						"0.48": [-10, 0, 0],
						"0.72": [5, 0, 0],
						"0.96": [15, 0, 0]
					}
				},
				"rightelbow": {
					"rotation": {
						"0.0": [-15, 0, 0],
						"0.24": [-25, 0, 0],
						"0.48": [-40, 0, 0],
						"0.72": [-5, 0, 0],
						"0.96": [-15, 0, 0]
					}
				},
				"leftarm": {
					"rotation": {
						"0.0": [-15, 0, 0],
						"0.24": [5, 0, 0],
						"0.48": [10, 0, 0],
						"0.72": [-5, 0, 0],
						"0.96": [-15, 0, 0]
					}
				},
				"leftelbow": {
					"rotation": {
						"0.0": [-15, 0, 0],
						"0.24": [-5, 0, 0],
						"0.48": [-5, 0, 0],
						"0.72": [-35, 0, 0],
						"0.96": [-15, 0, 0]
					}
				},
				"body": {
					"rotation": [25, 0, 0]
				},
				"head": {
					"rotation": [-27.5, 0, 0]
				},
				"Jaw": {
					"rotation": {
						"0.0": [15, 0, 0],
						"0.24": [27.5, 0, 0],
						"0.48": [15, 0, 0],
						"0.72": [24.22, 0, 0],
						"0.96": [15, 0, 0]
					}
				}
			}
		},
		"animation.entity.attack": {
			"loop": true,
			"animation_length": 0.92,
			"anim_time_update": "query.anim_time + query.delta_time*1.5",
			"bones": {
				"body": {
					"rotation": {
						"0.0": [0, 0, 0],
						"0.44": [50, 0, 0],
						"0.68": [70, 0, 0],
						"0.92": [0, 0, 0]
					}
				},
				"neck": {
					"rotation": {
						"0.0": [0, 0, 0],
						"0.44": [-32.5, 0, 0],
						"0.68": [-16.25, 0, 0],
						"0.92": [0, 0, 0]
					}
				},
				"head": {
					"rotation": {
						"0.0": [0, 0, 0],
						"0.44": [-22.5, 0, -25],
						"0.68": [-36.25, 0, 17.5],
						"0.92": [0, 0, 0]
					},
					"position": {
						"0.0": [0, 0, 0],
						"0.44": [0, 2, -1],
						"0.68": [2, 4, 3],
						"0.92": [0, 0, 0]
					}
				},
				"Jaw": {
					"rotation": {
						"0.0": [5, 0, 0],
						"0.44": [30, 0, 0],
						"0.68": [-2.5, 0, 0],
						"0.92": [5, 0, 0]
					}
				},
				"rightarm": {
					"rotation": {
						"0.0": [0, 0, 0],
						"0.24": [37.5, 0, 0],
						"0.44": [45, 0, 0],
						"0.68": [-117.5, -35, 0],
						"0.92": [0, 0, 0]
					}
				},
				"rightelbow": {
					"rotation": {
						"0.0": [0, 0, 0],
						"0.24": [0, 0, 20],
						"0.44": [0, 0, 6.62],
						"0.68": [-22.5, -7.5, 3.31],
						"0.92": [0, 0, 0]
					}
				},
				"righthand": {
					"rotation": {
						"0.0": [0, 0, 0],
						"0.24": [0, 0, 15],
						"0.44": [0, 0, -5],
						"0.68": [0, 0, -27.5],
						"0.92": [0, 0, 0]
					}
				},
				"leftarm": {
					"rotation": {
						"0.0": [0, 0, 0],
						"0.24": [37.5, 0, 0],
						"0.44": [45, 0, 0],
						"0.68": [-117.5, -5, 0],
						"0.92": [0, 0, 0]
					}
				},
				"leftelbow": {
					"rotation": {
						"0.0": [0, 0, 0],
						"0.24": [0, 0, 20],
						"0.44": [0, 0, 6.62],
						"0.68": [-22.5, -7.5, 25.81],
						"0.92": [0, 0, 0]
					}
				}
			}
		},
		"animation.entity.idle": {
			"loop": true,
			"bones": {
				"body": {
					"rotation": ["32.5+math.cos(query.anim_time * 50) * -5", 0, 0]
				},
				"neck": {
					"rotation": [10, 0, 0]
				},
				"head": {
					"rotation": [-7.5, 0, 0]
				},
				"Jaw": {
					"rotation": [22.5, 0, 0]
				},
				"rightarm": {
					"rotation": [-45, 0, "math.cos(query.anim_time * 50) * -4.92"]
				},
				"rightelbow": {
					"rotation": [12.5, 0, 0]
				},
				"leftarm": {
					"rotation": [-45, 0, "math.cos(query.anim_time * 50) * 4.92"]
				},
				"leftelbow": {
					"rotation": [12.5, 0, 0]
				}
			}
		},
		"animation.entity.pose": {
			"loop": true,
			"bones": {
				"all": {
					"position": [0, -4, 0]
				},
				"body": {
					"rotation": [17.5, 0, 0]
				},
				"Jaw": {
					"rotation": [25, 0, 0]
				},
				"rightarm": {
					"rotation": [32.5, 0, 0]
				},
				"rightelbow": {
					"rotation": [-10, 0, 0]
				},
				"leftarm": {
					"rotation": [-27.5, 0, 0]
				},
				"leftelbow": {
					"rotation": [-30, 0, 0]
				},
				"rightleg": {
					"rotation": [-30, 0, 0]
				},
				"rightknee": {
					"rotation": [35, 0, 0]
				},
				"leftleg": {
					"rotation": [45, 0, 0]
				},
				"leftknee": {
					"rotation": [60, 0, 0]
				}
			}
		}
	}
}