{
  "format_version": "1.10.0",
  "minecraft:client_entity": {
    "description": {
      "identifier": "mm:entity2",
      "materials": {
        "default": "spider"
      },
      "textures": {
        "default": "textures/entity/mm/mm_entity2"
      },
      "geometry": {
        "default": "geometry.entity2"
      },
      "spawn_egg": {
        "texture": "mm:entity2",
        "texture_index": 0
      },
      "animations": {
        "walk": "animation.entity2.walk",
        "attack": "animation.entity2.attack",
        "idle": "animation.entity2.idle",
        "stunned": "animation.stunned",
        "look_at_target": "animation.common.look_at_target",
        "run": "animation.entity2.running_not_final",
        "move_controller": "controller.animation.mm.setup"
      },
      "scripts": {
        "animate": [
          "move_controller",
          {"stunned": "query.is_stunned"}
        ],
        "pre_animation": [
          "variable.modified_tcos0 = Math.clamp(((Math.cos(query.modified_distance_moved * 13.5) * Math.min(query.modified_move_speed, 0.6) / variable.gliding_speed_value) * 25.0), -12.5, 12.5);",
          "variable.moving = query.ground_speed > 0 || query.vertical_speed > 0;",
          "variable.running = query.ground_speed > 0.5 || query.vertical_speed > 0.5;",
          "variable.attack = Math.sin(variable.attack_time * 100.9);"
        ]
      },
      "sound_effects": {
        "trouble": "hopps.saw_player"
      },
      "render_controllers": [
        "controller.render.iron_golem"
      ]
    }
  }
}