{
  "format_version": "1.10.0",
  "minecraft:client_entity": {
    "description": {
      "identifier": "mm:hopp_plush",
      "materials": {
        "default": "cow"
      },
      "textures": {
        "default": "textures/entity/mm/mm_hopp_plush"
      },
      "geometry": {
        "default": "geometry.hopp_plush"
      },
      "spawn_egg": {
        "texture": "mm:hopp_plush",
        "texture_index": 0
      },
      "scripts": {
        "pre_animation": [
          "variable.tcos_right_side = (Math.cos(query.modified_distance_moved * 38.17) * query.modified_move_speed / variable.gliding_speed_value) * 57.3;",
          "variable.tcos_left_side = -variable.tcos_right_side;",
          "variable.attack_head_rot =  Math.sin(variable.attack_time * 180.0) * -37.3;",
          "variable.ram_head_rot = Math.sin(variable.should_bow_head * 90.0) * 37.3;"
        ],
        "animate": [
          "walk",
          "look_at_target",
          {
            "attack": "variable.has_target && variable.attack_time >= 0.0"
          },
          "ram_attack"
        ]
      },
      "animations": {
        "walk": "null",
        "look_at_target": "null",
        "attack": "null",
        "ram_attack": "null"
      },
      "render_controllers": [
        "controller.render.cow"
      ]
    }
  }
}