{
  "format_version": "1.10.0",
  "minecraft:client_entity": {
    "description": {
      "identifier": "mm:miss_beverley",
      "materials": {
        "default": "spider"
      },
      "textures": {
        "default": "textures/entity/mm/miss_bev"
      },
      "geometry": {
        "default": "geometry.miss_beverley"
      },
      "spawn_egg": {
        "texture": "mm:beverley",
        "texture_index": 0
      },
      "animations": {
        "walk": "animation.miss_beverley.walk",
        "attack": "animation.bo.attack",
        "idle": "animation.miss_beverley.idle",
        "look_at_target": "animation.common.look_at_target",
        "move_controller": "controller.animation.mm.setup"
      },
      "scripts": {
        "animate": [
          "move_controller"
        ],
        "pre_animation": [
          "variable.modified_tcos0 = Math.clamp(((Math.cos(query.modified_distance_moved * 13.5) * Math.min(query.modified_move_speed, 0.6) / variable.gliding_speed_value) * 25.0), -12.5, 12.5);",
          "variable.moving = query.ground_speed > 0 || query.vertical_speed > 0;",
          "variable.random = math.round(math.random(0,2));",
          "variable.running = query.ground_speed > 0.5 || query.vertical_speed > 0.5;",
          "variable.attack = Math.sin(variable.attack_time * 100.9);"
        ]
      },
      "sound_effects": {
        "trouble": "beverley.shouting"
      },
      "render_controllers": [
        "controller.render.iron_golem"
      ]
    }
  }
}