{
  "format_version": "1.10.0",
  "animation_controllers": {
    "controller.animation.stripes": {
      "initial_state": "default",
      "states": {
        "default": {
          "variables": {
            "move_speed": {
              "input": "query.modified_move_speed",
              "remap_curve": {
                "0.0": 0.0,
                "0.25": 1.0
              }
            },
            "is_idling": {
              "input": "query.modified_move_speed",
              "remap_curve": {
                "0.0": 1.0,
                "0.1": 0.0
              }
            }
          },
          "animations": [
            {
              "idle": "variable.is_idling"
            },
            {
              "walk": "variable.move_speed"
            },
            "look_at_target"
          ],
          "transitions": [
            {
              "attack": "variable.attack\u003e0"
            },
            {
              "running": "query.ground_speed >3.0"
            }
          ]
        },
        "running": {
          "animations": [
            "run"
          ],
          "transitions": [
            {
              "default": "!query.ground_speed"
            }
          ]
        },
        "attack": {
          "animations": [
            "attack"
          ],
          "transitions": [
            {
              "default": "query.all_animations_finished"
            }
          ],
          "blend_transition": 0.1
        }
      }
    }
  }
}