{
  "resource_pack_name": "vanilla",
  "texture_name": "atlas.terrain",
  "padding": 8,
  "num_mip_levels": 4,
  "texture_data": {
    "mm_white_wall2": {
      "textures": [
        "textures/blocks/mm_white_wall2"
      ]
    },
    "mm_white_wall3": {
      "textures": [
        "textures/blocks/mm_white_wall3"
      ]
    },
    "small_table": {
      "textures": [
        "textures/blocks/small_tableWithEasterEgg"
      ]
    },
    "mm_white_wall4": {
      "textures": [
        "textures/blocks/mm_white_wall4"
      ]
    },
    "mm_white_wall5": {
      "textures": [
        "textures/blocks/mm_white_wall5"
      ]
    },
    "mm_white_wall1": {
      "textures": [
        "textures/blocks/mm_white_wall1"
      ]
    },
    "mm_white_wall6": {
      "textures": [
        "textures/blocks/mm_white_wall6"
      ]
    },
    "mm_white_wall7": {
      "textures": [
        "textures/blocks/mm_white_wall7"
      ]
    }
  }
}