{
  "namespace": "start",
  "mm_panel": {
    "type": "stack_panel",
    "orientation": "horizontal",
    "controls": [
      {
        "ico": {
          "type": "image",
          "texture": "pack_icon.original",
          "size": [
            16,
            16
          ]
        }
      },
      {
        "ver": {
          "type": "label",
          "text": "§l§c§¶Addon Info"
        }
      },
      null
    ]
  },
  "copyright@common_buttons.light_content_button": {
    "anchor_from": "bottom_left",
    "anchor_to": "bottom_left",
    "size": [
      80,
      25
    ],
    "$pressed_button_name": "button.menu_buy_game",
    "$button_content": "start.mm_panel",
    "$default_button_alpha": 1.0,
    "$default_hover_alpha": 1.0
  }
}