{
  "namespace": "tabbed_upsell",
  "musicmcience_panel": {
    "type": "stack_panel",
    "orientation": "horizontal",
    "size": [
      "150%",
      300
    ],
    "offset": [
      4,
      4
    ],
    "controls": [
      {
        "r": {
          "type": "stack_panel",
          "size": [
            132,
            "100%"
          ],
          "controls": [
            {
              "1": {
                "type": "image",
                "texture": "textures/ui/splash_screen.hopp",
                "size": [
                  128,
                  128
                ]
              }
            },
            {
              "2": {
                "type": "panel",
                "size": [
                  4,
                  4
                ]
              }
            },
            {
              "3": {
                "type": "label",
                "font_scale_factor": 1.5,
                "text": "§l§¶Hopp2Addon"
              }
            },
            {
              "4": {
                "type": "label",
                "font_scale_factor": 1.0,
                "text": "v0.0.8"
              }
            },
            {
              "5": {
                "type": "label",
                "font_scale_factor": 1.5,
                "text": ""
              }
            }
          ]
        }
      },
      {
        "l": {
          "type": "stack_panel",
          "size": [
            "fill",
            "150%"
          ],
          "controls": [
            {
              "title": {
                "type": "label",
                "font_scale_factor": 1.5,
                "text": "Addon Info"
              }
            },
            {
              "subtitle1": {
                "type": "label",
                "text": "MusicScience ©2021"
              }
            },
            {
              "subtitle2": {
                "type": "label",
                "text": "All rights reserved MOONBIT"
              }
            },
            {
              "randomB1": {
                "type": "label",
                "font_scale_factor": 0.6,
                "text": "Don't Re-upload our addon"
              }
            },
            {
              "randomB2": {
                "type": "label",
                "font_scale_factor": 0.6,
                "text": "to other §eapps §r§for §ewebsites"
              }
            },
            {
              "randomB9": {
                "type": "label",
                "font_scale_factor": 0.6,
                "text": "Or else you will get reported as §lStealing§r or §lRe-uploading "
              }
            },
            {
              "randomAtitle0": {
                "type": "label",
                "font_scale_factor": 1.1,
                "text": "Credits"
              }
            },
            {
              "randomA0": {
                "type": "label",
                "font_scale_factor": 0.9,
                "text": "§b3D Modeling§f - MAXIMUM98"
              }
            },
            {
              "randomA1": {
                "type": "label",
                "font_scale_factor": 0.9,
                "text": "§bTextures§f- MAXIMUM98"
              }
            },
            {
              "randomA2": {
                "type": "label",
                "font_scale_factor": 0.9,
                "text": "§bAnimations§f- MusicScience"
              }
            },
            {
              "randomA3": {
                "type": "label",
                "font_scale_factor": 0.9,
                "text": "§bCoding§f- MusicScience"
              }
            },
            {
              "randomA4": {
                "type": "label",
                "font_scale_factor": 0.9,
                "text": "§bProgramming§f- MusicScience"
              }
            }
          ]
        }
      }
    ]
  },
  "scroll@common.scrolling_panel": {
    "$show_background": false,
    "$scrolling_content": "tabbed_upsell.musicmcience_panel"
  },
  "tabbed_upseel_screen_panel@common_dialogs.main_panel_no_buttons": {
    "size": [
      "80%",
      "80%"
    ],
    "$text_name": "§¶Mr. Hopps Playhouse 2 Addon",
    "$child_control": "tabbed_upsell.scroll"
  }
}