{"format_version":"1.10.0","minecraft:client_entity":{"description":{"animations":{"general":"animation.wuggy.generel","run":"animation.wuggy.move","walking":"animation.wuggy.move"},"geometry":{"default":"geometry.hl_hw"},"identifier":"hl:hw","materials":{"default":"skeleton"},"render_controllers":["controller.render.translucence"],"scripts":{"animate":["root",{"walking":"query.is_moving && query.modified_move_speed < 1"},{"run":"query.is_moving && query.is_angry"},{"run":"query.has_target && query.is_moving"},{"general":"!query.is_moving"}]},"spawn_egg":{"texture":"hl:hw","texture_index":0},"textures":{"default":"textures/entity/pamobile/hl_hw"}}}}