{
	"format_version": "1.12.0",
	"minecraft:geometry": [
		{
			"description": {
				"identifier": "geometry.bo",
				"texture_width": 128,
				"texture_height": 128,
				"visible_bounds_width": 4,
				"visible_bounds_height": 6,
				"visible_bounds_offset": [0, 2, 0]
			},
			"bones": [
				{
					"name": "all",
					"pivot": [0, 40, -3]
				},
				{
					"name": "hip",
					"parent": "all",
					"pivot": [0, 27.30635, 6.74018],
					"cubes": [
						{"origin": [-5, 20.30635, 2.74018], "size": [10, 5, 5], "uv": [51, 54]}
					]
				},
				{
					"name": "body",
					"parent": "hip",
					"pivot": [0, 24.30635, 6.74018],
					"cubes": [
						{"origin": [-4, 43.30635, 2.74018], "size": [8, 1, 5], "uv": [62, 0]},
						{"origin": [-6, 25.30635, 1.74018], "size": [12, 18, 7], "uv": [0, 0]},
						{"origin": [-5, 27.30635, 0.74018], "size": [10, 12, 2], "inflate": -0.2, "uv": [28, 62]},
						{"origin": [-4, 37.30635, 0.74018], "size": [8, 3, 2], "inflate": -0.2, "uv": [20, 57]},
						{"origin": [-4, 26.30635, 0.74018], "size": [8, 2, 2], "inflate": -0.2, "uv": [78, 10]},
						{"origin": [-3, 44.30635, 2.74018], "size": [6, 2, 5], "uv": [38, 9]}
					]
				},
				{
					"name": "rightarm",
					"parent": "body",
					"pivot": [-5, 41.30635, 5.74018],
					"cubes": [
						{"origin": [-12, 27.26575, 3.43179], "size": [3, 11, 3], "pivot": [0, 27.26575, 7.43179], "rotation": [0, 0, 27.5], "uv": [83, 53]}
					]
				},
				{
					"name": "rightelbow",
					"parent": "rightarm",
					"pivot": [-8.84615, 33.03498, 5.6241],
					"cubes": [
						{"origin": [-10, 22.26575, 2.43179], "size": [2, 11, 3], "pivot": [0, 26.26575, 6.43179], "rotation": [-10, 0, 0], "uv": [10, 84]},
						{"origin": [-10, 19.26575, 2.43179], "size": [2, 4, 3], "inflate": 0.1, "pivot": [0, 26.26575, 6.43179], "rotation": [-10, 0, 0], "uv": [88, 67]},
						{"origin": [-10, 16.26575, 4.43179], "size": [1, 4, 1], "inflate": -0.1, "pivot": [0, 26.26575, 6.43179], "rotation": [-10, 0, 0], "uv": [24, 48]},
						{"origin": [-10, 16.26575, 3.43179], "size": [1, 4, 1], "inflate": -0.1, "pivot": [0, 26.26575, 6.43179], "rotation": [-10, 0, 0], "uv": [4, 47]},
						{"origin": [-10, 16.26575, 2.43179], "size": [1, 4, 1], "inflate": -0.1, "pivot": [0, 26.26575, 6.43179], "rotation": [-10, 0, 0], "uv": [0, 47]},
						{"origin": [-10, 21.26575, 1.43179], "size": [1, 2, 1], "inflate": -0.1, "pivot": [0, 26.26575, 6.43179], "rotation": [-10, 0, -17.5], "uv": [74, 82]},
						{"origin": [-10, 19.26575, 1.43179], "size": [1, 3, 1], "inflate": -0.3, "pivot": [0, 26.26575, 6.43179], "rotation": [-10, 0, -17.5], "uv": [48, 39]},
						{"origin": [-10, 16.26575, 4.43179], "size": [2, 1, 1], "inflate": -0.1, "pivot": [0, 26.26575, 6.43179], "rotation": [-10, 0, 0], "uv": [48, 31]},
						{"origin": [-10, 16.26575, 3.43179], "size": [2, 1, 1], "inflate": -0.1, "pivot": [0, 26.26575, 6.43179], "rotation": [-10, 0, 0], "uv": [48, 29]},
						{"origin": [-10, 16.26575, 2.43179], "size": [2, 1, 1], "inflate": -0.1, "pivot": [0, 26.26575, 6.43179], "rotation": [-10, 0, 0], "uv": [0, 44]},
						{"origin": [-9, 16.26575, 4.43179], "size": [3, 1, 1], "inflate": -0.3, "pivot": [0, 26.26575, 6.43179], "rotation": [-10, 0, 0], "uv": [0, 40]},
						{"origin": [-9, 16.26575, 3.43179], "size": [3, 1, 1], "inflate": -0.3, "pivot": [0, 26.26575, 6.43179], "rotation": [-10, 0, 0], "uv": [24, 39]},
						{"origin": [-9, 16.26575, 2.43179], "size": [3, 1, 1], "inflate": -0.3, "pivot": [0, 26.26575, 6.43179], "rotation": [-10, 0, 0], "uv": [0, 38]}
					]
				},
				{
					"name": "leftarm",
					"parent": "body",
					"pivot": [5, 41.30635, 5.74018],
					"cubes": [
						{"origin": [9, 27.26575, 3.43179], "size": [3, 11, 3], "pivot": [0, 27.26575, 7.43179], "rotation": [0, 0, -27.5], "uv": [81, 79]}
					]
				},
				{
					"name": "leftelbow",
					"parent": "leftarm",
					"pivot": [8.84615, 33.07246, 3.71384],
					"cubes": [
						{"origin": [8, 22.75304, 3.59848], "size": [2, 11, 3], "pivot": [9, 33.17708, 4.23024], "rotation": [-10, 0, 0], "uv": [0, 84]},
						{"origin": [8, 19.26575, 2.43179], "size": [2, 4, 3], "inflate": 0.1, "pivot": [0, 26.26575, 6.43179], "rotation": [-10, 0, 0], "uv": [88, 43]},
						{"origin": [9, 16.26575, 4.43179], "size": [1, 4, 1], "inflate": -0.1, "pivot": [0, 26.26575, 6.43179], "rotation": [-10, 0, 0], "uv": [28, 41]},
						{"origin": [9, 16.26575, 3.43179], "size": [1, 4, 1], "inflate": -0.1, "pivot": [0, 26.26575, 6.43179], "rotation": [-10, 0, 0], "uv": [24, 41]},
						{"origin": [9, 16.26575, 2.43179], "size": [1, 4, 1], "inflate": -0.1, "pivot": [0, 26.26575, 6.43179], "rotation": [-10, 0, 0], "uv": [38, 9]},
						{"origin": [9, 21.26575, 1.43179], "size": [1, 2, 1], "inflate": -0.1, "pivot": [0, 26.26575, 6.43179], "rotation": [-10, 0, 17.5], "uv": [66, 82]},
						{"origin": [9, 19.26575, 1.43179], "size": [1, 3, 1], "inflate": -0.3, "pivot": [0, 26.26575, 6.43179], "rotation": [-10, 0, 17.5], "uv": [28, 48]},
						{"origin": [8, 16.26575, 4.43179], "size": [2, 1, 1], "inflate": -0.1, "pivot": [0, 26.26575, 6.43179], "rotation": [-10, 0, 0], "uv": [0, 42]},
						{"origin": [8, 16.26575, 3.43179], "size": [2, 1, 1], "inflate": -0.1, "pivot": [0, 26.26575, 6.43179], "rotation": [-10, 0, 0], "uv": [24, 25]},
						{"origin": [8, 16.26575, 2.43179], "size": [2, 1, 1], "inflate": -0.1, "pivot": [0, 26.26575, 6.43179], "rotation": [-10, 0, 0], "uv": [0, 4]},
						{"origin": [6, 16.26575, 4.43179], "size": [3, 1, 1], "inflate": -0.3, "pivot": [0, 26.26575, 6.43179], "rotation": [-10, 0, 0], "uv": [0, 31]},
						{"origin": [6, 16.26575, 3.43179], "size": [3, 1, 1], "inflate": -0.3, "pivot": [0, 26.26575, 6.43179], "rotation": [-10, 0, 0], "uv": [24, 30]},
						{"origin": [6, 16.26575, 2.43179], "size": [3, 1, 1], "inflate": -0.3, "pivot": [0, 26.26575, 6.43179], "rotation": [-10, 0, 0], "uv": [0, 29]}
					]
				},
				{
					"name": "head",
					"parent": "body",
					"pivot": [0, 45.30635, 3.74018]
				},
				{
					"name": "jaw",
					"parent": "head",
					"pivot": [0, 50.30635, 8.74018],
					"cubes": [
						{"origin": [-4, 46.30635, 0.74018], "size": [8, 1, 8], "uv": [54, 9]},
						{"origin": [-5, 46.30635, 0.74018], "size": [8, 1, 8], "uv": [48, 45]},
						{"origin": [-3, 46.30635, 0.74018], "size": [8, 1, 8], "uv": [48, 36]},
						{"origin": [-4, 45.30635, 0.74018], "size": [8, 1, 8], "uv": [48, 27]},
						{"origin": [-4, 47.30635, 6.74018], "size": [8, 3, 2], "uv": [54, 18]},
						{"origin": [3, 46.30635, 0.74018], "size": [1, 2, 1], "inflate": -0.3, "uv": [62, 82]},
						{"origin": [-1, 46.30635, -0.25982], "size": [1, 2, 1], "inflate": -0.3, "uv": [58, 82]},
						{"origin": [-2, 46.30635, -0.25982], "size": [1, 2, 1], "inflate": -0.3, "uv": [82, 14]},
						{"origin": [-3, 46.30635, -0.25982], "size": [1, 2, 1], "inflate": -0.3, "uv": [80, 53]},
						{"origin": [-4, 46.30635, 0.74018], "size": [1, 2, 1], "inflate": -0.3, "uv": [40, 80]},
						{"origin": [-4, 46.30635, 1.74018], "size": [1, 2, 1], "inflate": -0.3, "uv": [78, 79]},
						{"origin": [-4, 46.30635, 2.74018], "size": [1, 2, 1], "inflate": -0.3, "uv": [74, 79]},
						{"origin": [0, 46.30635, -0.25982], "size": [1, 2, 1], "inflate": -0.3, "uv": [79, 56]},
						{"origin": [-1, 47.30635, -0.25982], "size": [1, 2, 1], "inflate": -0.4, "uv": [43, 78]},
						{"origin": [-2, 47.30635, -0.25982], "size": [1, 2, 1], "inflate": -0.4, "uv": [78, 14]},
						{"origin": [-3, 47.30635, -0.25982], "size": [1, 2, 1], "inflate": -0.4, "uv": [76, 54]},
						{"origin": [-4, 47.30635, 0.74018], "size": [1, 2, 1], "inflate": -0.4, "uv": [40, 76]},
						{"origin": [-4, 47.30635, 1.74018], "size": [1, 2, 1], "inflate": -0.4, "uv": [76, 36]},
						{"origin": [-4, 47.30635, 2.74018], "size": [1, 2, 1], "inflate": -0.4, "uv": [75, 47]},
						{"origin": [0, 47.30635, -0.25982], "size": [1, 2, 1], "inflate": -0.4, "uv": [74, 6]},
						{"origin": [1, 46.30635, -0.25982], "size": [1, 2, 1], "inflate": -0.3, "uv": [21, 73]},
						{"origin": [2, 46.30635, -0.25982], "size": [1, 2, 1], "inflate": -0.3, "uv": [72, 45]},
						{"origin": [1, 47.30635, -0.25982], "size": [1, 2, 1], "inflate": -0.4, "uv": [72, 36]},
						{"origin": [2, 47.30635, -0.25982], "size": [1, 2, 1], "inflate": -0.4, "uv": [71, 64]},
						{"origin": [3, 47.30635, 0.74018], "size": [1, 2, 1], "inflate": -0.4, "uv": [18, 71]},
						{"origin": [3, 47.30635, 1.74018], "size": [1, 2, 1], "inflate": -0.4, "uv": [24, 70]},
						{"origin": [3, 47.30635, 2.74018], "size": [1, 2, 1], "inflate": -0.4, "uv": [70, 6]},
						{"origin": [3, 46.30635, 1.74018], "size": [1, 2, 1], "inflate": -0.3, "uv": [68, 66]},
						{"origin": [3, 46.30635, 2.74018], "size": [1, 2, 1], "inflate": -0.3, "uv": [66, 23]},
						{"origin": [-3, 46.30635, -0.25982], "size": [6, 1, 1], "uv": [38, 27]}
					]
				},
				{
					"name": "skull",
					"parent": "head",
					"pivot": [-0.0122, 46.46489, 9.6792],
					"cubes": [
						{"origin": [-4, 51.30635, 0.74018], "size": [8, 1, 8], "uv": [24, 48]},
						{"origin": [-5, 51.30635, 0.74018], "size": [8, 1, 8], "uv": [0, 47]},
						{"origin": [-3, 51.30635, 0.74018], "size": [8, 1, 8], "uv": [24, 30]},
						{"origin": [-5, 46.30635, 7.74018], "size": [9, 9, 2], "inflate": -0.2, "uv": [18, 76]},
						{"origin": [-4, 51.30635, 0.74018], "size": [8, 5, 8], "inflate": -0.3, "uv": [0, 25]},
						{"origin": [-5, 51.30635, 1.74018], "size": [2, 5, 7], "inflate": -0.3, "uv": [63, 79]},
						{"origin": [3, 51.30635, 1.74018], "size": [2, 5, 7], "inflate": -0.3, "uv": [40, 76]},
						{"origin": [16, 51.30635, 3.74018], "size": [4, 5, 2], "inflate": -0.3, "pivot": [0, 0.30635, 0.74018], "rotation": [0, 0, -22.5], "uv": [88, 31]},
						{"origin": [-20, 51.30635, 3.74018], "size": [4, 5, 2], "inflate": -0.3, "pivot": [0, 0.30635, 0.74018], "rotation": [0, 0, 22.5], "uv": [31, 0]},
						{"origin": [-4, 55.30635, 0.74018], "size": [8, 2, 8], "inflate": -0.5, "uv": [30, 17]},
						{"origin": [-3, 56.30635, 0.74018], "size": [6, 2, 8], "inflate": -0.5, "uv": [0, 56]},
						{"origin": [-2, 56.30635, -0.25982], "size": [4, 3, 2], "inflate": -0.8, "uv": [36, 88]},
						{"origin": [-4, 56.30635, -0.25982], "size": [4, 3, 2], "inflate": -0.6, "uv": [83, 0]},
						{"origin": [0, 56.30635, -0.25982], "size": [4, 3, 2], "inflate": -0.6, "uv": [13, 66]},
						{"origin": [-4, 49.30635, 6.74018], "size": [8, 2, 2], "uv": [78, 6]},
						{"origin": [-3, 50.30635, -0.25982], "size": [6, 2, 1], "uv": [24, 27]},
						{"origin": [1, 49.30635, -0.25982], "size": [1, 2, 1], "inflate": -0.2, "uv": [0, 66]},
						{"origin": [0, 49.30635, -0.25982], "size": [1, 2, 1], "inflate": -0.2, "uv": [65, 64]},
						{"origin": [-2, 49.30635, -0.25982], "size": [1, 2, 1], "inflate": -0.2, "uv": [52, 64]},
						{"origin": [-1, 49.30635, -0.25982], "size": [1, 2, 1], "inflate": -0.2, "uv": [62, 23]},
						{"origin": [-3, 49.30635, -0.25982], "size": [1, 2, 1], "inflate": -0.2, "uv": [62, 0]},
						{"origin": [-4, 49.30635, 0.74018], "size": [1, 2, 1], "inflate": -0.2, "uv": [47, 59]},
						{"origin": [-4, 49.30635, 1.74018], "size": [1, 2, 1], "inflate": -0.2, "uv": [4, 59]},
						{"origin": [2, 49.30635, -0.25982], "size": [1, 2, 1], "inflate": -0.2, "uv": [0, 59]},
						{"origin": [3, 49.30635, 0.74018], "size": [1, 2, 1], "inflate": -0.2, "uv": [58, 11]},
						{"origin": [3, 49.30635, 1.74018], "size": [1, 2, 1], "inflate": -0.2, "uv": [44, 57]},
						{"origin": [-2, 48.30635, -0.25982], "size": [1, 2, 1], "inflate": -0.3, "uv": [40, 57]},
						{"origin": [-1, 48.30635, -0.25982], "size": [1, 2, 1], "inflate": -0.3, "uv": [4, 56]},
						{"origin": [-3, 48.30635, -0.25982], "size": [1, 2, 1], "inflate": -0.3, "uv": [0, 56]},
						{"origin": [-4, 48.30635, 0.74018], "size": [1, 2, 1], "inflate": -0.3, "uv": [55, 9]},
						{"origin": [-4, 48.30635, 1.74018], "size": [1, 2, 1], "inflate": -0.3, "uv": [52, 39]},
						{"origin": [1, 48.30635, -0.25982], "size": [1, 2, 1], "inflate": -0.3, "uv": [27, 52]},
						{"origin": [0, 48.30635, -0.25982], "size": [1, 2, 1], "inflate": -0.3, "uv": [4, 52]},
						{"origin": [2, 48.30635, -0.25982], "size": [1, 2, 1], "inflate": -0.3, "uv": [0, 52]},
						{"origin": [3, 48.30635, 0.74018], "size": [1, 2, 1], "inflate": -0.3, "uv": [51, 50]},
						{"origin": [3, 48.30635, 1.74018], "size": [1, 2, 1], "inflate": -0.3, "uv": [48, 48]},
						{"origin": [-4, 50.30635, 0.74018], "size": [8, 1, 8], "uv": [24, 39]},
						{"origin": [-5, 47.30635, 2.74018], "size": [1, 3, 6], "uv": [87, 87]},
						{"origin": [4, 47.30635, 2.74018], "size": [1, 3, 6], "uv": [52, 85]},
						{"origin": [4.9, 48.30635, 2.74018], "size": [1, 2, 2], "inflate": -0.1, "uv": [0, 25]},
						{"origin": [-5.9, 48.30635, 2.74018], "size": [1, 2, 2], "inflate": -0.1, "uv": [0, 0]},
						{"origin": [-5, 50.30635, 0.74018], "size": [8, 1, 8], "uv": [38, 0]},
						{"origin": [-3, 50.30635, 0.74018], "size": [8, 1, 8], "uv": [0, 38]}
					]
				},
				{
					"name": "leftleg",
					"parent": "all",
					"pivot": [0, 27.30635, 6.74018],
					"cubes": [
						{"origin": [1, 10.30635, 3.74018], "size": [4, 13, 5], "pivot": [0, 27.30635, 6.74018], "rotation": [-15, 0, 0], "uv": [0, 66]}
					]
				},
				{
					"name": "leftknee",
					"parent": "leftleg",
					"pivot": [3, 11.97302, 3.07351],
					"cubes": [
						{"origin": [1, 2.30635, -0.25982], "size": [4, 10, 5], "inflate": 0.1, "uv": [72, 18]},
						{"origin": [1, -0.69365, -5.25982], "size": [4, 3, 4], "inflate": -0.3, "uv": [20, 87]},
						{"origin": [1, -0.69365, -2.25982], "size": [4, 3, 7], "uv": [73, 43]}
					]
				},
				{
					"name": "rightleg",
					"parent": "all",
					"pivot": [0, 27.30635, 6.74018],
					"cubes": [
						{"origin": [-5, 10.30635, 3.74018], "size": [4, 13, 5], "pivot": [0, 27.30635, 6.74018], "rotation": [-15, 0, 0], "uv": [52, 64]}
					]
				},
				{
					"name": "rightknee",
					"parent": "rightleg",
					"pivot": [-3, 11.97302, 3.07351],
					"cubes": [
						{"origin": [-5, 2.30635, -0.25982], "size": [4, 10, 5], "inflate": 0.1, "uv": [70, 64]},
						{"origin": [-5, -0.69365, -5.25982], "size": [4, 3, 4], "inflate": -0.3, "uv": [85, 14]},
						{"origin": [-5, -0.69365, -2.25982], "size": [4, 3, 7], "uv": [73, 33]}
					]
				}
			]
		}
	]
}