{
	"format_version": "1.12.0",
	"minecraft:geometry": [
		{
			"description": {
				"identifier": "geometry.buff_hopp",
				"texture_width": 128,
				"texture_height": 128,
				"visible_bounds_width": 35,
				"visible_bounds_height": 42,
				"visible_bounds_offset": [0, -4, 0]
			},
			"bones": [
				{
					"name": "all",
					"pivot": [0, 0, 0]
				},
				{
					"name": "part1",
					"parent": "all",
					"pivot": [0, 35, 0],
					"cubes": [
						{"origin": [-6, 34, -3], "size": [12, 10, 8], "uv": [0, 26]},
						{"origin": [-3, 31, -3], "size": [6, 3, 5], "uv": [70, 0]}
					]
				},
				{
					"name": "head",
					"parent": "part1",
					"pivot": [0, 25.5, -1],
					"rotation": [-10, 0, 0]
				},
				{
					"name": "torso",
					"parent": "part1",
					"pivot": [0, 43, 1],
					"cubes": [
						{"origin": [-10, 43, -5], "size": [20, 16, 10], "inflate": 0.01, "uv": [0, 0]}
					]
				},
				{
					"name": "neck",
					"parent": "torso",
					"pivot": [0, 58, 0],
					"rotation": [10, 0, 0],
					"cubes": [
						{"origin": [-3, 58, -3], "size": [6, 8, 6], "uv": [61, 33]}
					]
				},
				{
					"name": "arm1",
					"parent": "torso",
					"pivot": [10, 55, 0],
					"cubes": [
						{"origin": [9, 49, -4], "size": [8, 9, 8], "uv": [0, 44]},
						{"origin": [11, 40, -3], "size": [7, 9, 6], "inflate": -0.01, "uv": [26, 58]}
					]
				},
				{
					"name": "arm_longerpart1",
					"parent": "arm1",
					"pivot": [15, 41, 0],
					"cubes": [
						{"origin": [10, 34, -3], "size": [7, 7, 7], "uv": [53, 19]},
						{"origin": [11, 30, -3], "size": [6, 4, 6], "uv": [70, 72]}
					]
				},
				{
					"name": "hand",
					"parent": "arm_longerpart1",
					"pivot": [14, 30, 0],
					"cubes": [
						{"origin": [12, 24, -3], "size": [4, 6, 6], "uv": [18, 73]}
					]
				},
				{
					"name": "finger_first1",
					"parent": "hand",
					"pivot": [15, 24, -2],
					"cubes": [
						{"origin": [14, 21, -3], "size": [2, 3, 2], "inflate": 0.01, "uv": [0, 0]},
						{"origin": [12, 19, -3], "size": [4, 2, 2], "inflate": 0.01, "uv": [40, 33]}
					]
				},
				{
					"name": "finger_first2",
					"parent": "hand",
					"pivot": [15, 24, 0],
					"cubes": [
						{"origin": [14, 21, -1], "size": [2, 3, 2], "uv": [0, 0]},
						{"origin": [12, 19, -1], "size": [4, 2, 2], "uv": [40, 33]}
					]
				},
				{
					"name": "finger_first3",
					"parent": "hand",
					"pivot": [15, 24, 2],
					"cubes": [
						{"origin": [14, 21, 1], "size": [2, 3, 2], "inflate": 0.01, "uv": [0, 0]},
						{"origin": [12, 19, 1], "size": [4, 2, 2], "inflate": 0.01, "uv": [40, 33]}
					]
				},
				{
					"name": "arm2",
					"parent": "torso",
					"pivot": [-10, 55, 0],
					"cubes": [
						{"origin": [-17, 49, -4], "size": [8, 9, 8], "uv": [0, 44], "mirror": true},
						{"origin": [-18, 40, -3], "size": [7, 9, 6], "inflate": -0.01, "uv": [26, 58], "mirror": true}
					]
				},
				{
					"name": "arm_longerpart2",
					"parent": "arm2",
					"pivot": [-15, 41, 0],
					"cubes": [
						{"origin": [-17, 34, -3], "size": [7, 7, 7], "uv": [53, 19], "mirror": true},
						{"origin": [-17, 30, -3], "size": [6, 4, 6], "uv": [70, 72], "mirror": true}
					]
				},
				{
					"name": "hand2",
					"parent": "arm_longerpart2",
					"pivot": [-14, 30, 0],
					"cubes": [
						{"origin": [-16, 24, -3], "size": [4, 6, 6], "uv": [18, 73], "mirror": true}
					]
				},
				{
					"name": "finger_first4",
					"parent": "hand2",
					"pivot": [-15, 24, -2],
					"cubes": [
						{"origin": [-16, 21, -3], "size": [2, 3, 2], "inflate": 0.01, "uv": [0, 0], "mirror": true},
						{"origin": [-16, 19, -3], "size": [4, 2, 2], "inflate": 0.01, "uv": [40, 33], "mirror": true}
					]
				},
				{
					"name": "finger_first5",
					"parent": "hand2",
					"pivot": [-15, 24, 0],
					"cubes": [
						{"origin": [-16, 21, -1], "size": [2, 3, 2], "uv": [0, 0], "mirror": true},
						{"origin": [-16, 19, -1], "size": [4, 2, 2], "uv": [40, 33], "mirror": true}
					]
				},
				{
					"name": "finger_first6",
					"parent": "hand2",
					"pivot": [-15, 24, 2],
					"cubes": [
						{"origin": [-16, 21, 1], "size": [2, 3, 2], "inflate": 0.01, "uv": [0, 0], "mirror": true},
						{"origin": [-16, 19, 1], "size": [4, 2, 2], "inflate": 0.01, "uv": [40, 33], "mirror": true}
					]
				},
				{
					"name": "leg1",
					"parent": "all",
					"pivot": [4, 34, 2],
					"cubes": [
						{"origin": [1, 21, -2], "size": [7, 14, 7], "inflate": -0.01, "uv": [33, 37]}
					]
				},
				{
					"name": "leg_longerpart1",
					"parent": "leg1",
					"pivot": [5, 21, 2],
					"cubes": [
						{"origin": [2, 14, -1], "size": [6, 8, 7], "uv": [54, 51]},
						{"origin": [2, 6, -1], "size": [6, 8, 6], "inflate": 0.01, "uv": [0, 61]}
					]
				},
				{
					"name": "feet",
					"parent": "leg_longerpart1",
					"pivot": [5, 6, 2],
					"cubes": [
						{"origin": [2, 0, -1], "size": [6, 6, 6], "uv": [52, 66]},
						{"origin": [2, 0, -8], "size": [6, 2, 7], "uv": [60, 10]}
					]
				},
				{
					"name": "leg2",
					"parent": "all",
					"pivot": [-4, 34, 2],
					"cubes": [
						{"origin": [-8, 21, -2], "size": [7, 14, 7], "inflate": -0.01, "uv": [33, 37], "mirror": true}
					]
				},
				{
					"name": "leg_longerpart2",
					"parent": "leg2",
					"pivot": [-5, 21, 2],
					"cubes": [
						{"origin": [-8, 14, -1], "size": [6, 8, 7], "uv": [54, 51], "mirror": true},
						{"origin": [-8, 6, -1], "size": [6, 8, 6], "inflate": 0.01, "uv": [0, 61], "mirror": true}
					]
				},
				{
					"name": "feet2",
					"parent": "leg_longerpart2",
					"pivot": [-5, 6, 2],
					"cubes": [
						{"origin": [-8, 0, -1], "size": [6, 6, 6], "uv": [52, 66], "mirror": true},
						{"origin": [-8, 0, -8], "size": [6, 2, 7], "uv": [60, 10], "mirror": true}
					]
				}
			]
		}
	]
}