{
	"format_version": "1.12.0",
	"minecraft:geometry": [
		{
			"description": {
				"identifier": "geometry.entity",
				"texture_width": 128,
				"texture_height": 128,
				"visible_bounds_width": 6,
				"visible_bounds_height": 9,
				"visible_bounds_offset": [0, 3.5, 0]
			},
			"bones": [
				{
					"name": "all",
					"pivot": [0, 92, -13]
				},
				{
					"name": "hip",
					"parent": "all",
					"pivot": [0, 47, -4],
					"cubes": [
						{"origin": [-6, 47, -7], "size": [12, 6, 9], "uv": [55, 60]},
						{"origin": [-3, 67, 21], "size": [6, 8, 6], "inflate": -0.3, "pivot": [0, 92, -13], "rotation": [-40, 0, 0], "uv": [83, 17]},
						{"origin": [-2, 72, 21], "size": [4, 4, 6], "inflate": -0.5, "pivot": [0, 92, -13], "rotation": [-40, 0, 0], "uv": [104, 77]},
						{"origin": [-2, 74, 21], "size": [4, 5, 6], "inflate": -0.8, "pivot": [0, 92, -13], "rotation": [-40, 0, 0], "uv": [0, 103]}
					]
				},
				{
					"name": "body",
					"parent": "hip",
					"pivot": [0, 52, -3],
					"cubes": [
						{"origin": [-6, 67, -7], "size": [12, 14, 9], "uv": [0, 0]},
						{"origin": [-5, 53, -7], "size": [10, 14, 9], "uv": [33, 14]},
						{"origin": [-3, 60, -20], "size": [6, 8, 6], "inflate": -0.3, "pivot": [0, 92, -13], "rotation": [40, 0, 0], "uv": [85, 0]},
						{"origin": [-2, 58, -20], "size": [4, 4, 6], "inflate": -0.5, "pivot": [0, 92, -13], "rotation": [40, 0, 0], "uv": [104, 67]},
						{"origin": [-2, 56, -20], "size": [4, 4, 6], "inflate": -0.8, "pivot": [0, 92, -13], "rotation": [40, 0, 0], "uv": [102, 43]},
						{"origin": [-6, 67, -8], "size": [12, 13, 1], "uv": [78, 75]}
					]
				},
				{
					"name": "neck",
					"parent": "body",
					"pivot": [0, 80.66667, -3.33333],
					"cubes": [
						{"origin": [-3, 79, -10], "size": [6, 8, 7], "inflate": -0.2, "pivot": [0, 92, -13], "rotation": [22.5, 0, 0], "uv": [64, 38]},
						{"origin": [-3, 79, -7], "size": [6, 4, 7], "inflate": -0.2, "pivot": [0, 92, -13], "rotation": [7.5, 0, 0], "uv": [83, 46]}
					]
				},
				{
					"name": "head",
					"parent": "neck",
					"pivot": [0, 92, -4],
					"cubes": [
						{"origin": [-3, 92, -14], "size": [6, 5, 8], "uv": [42, 0]},
						{"origin": [3, 94, -7], "size": [2, 2, 2], "inflate": -0.5, "pivot": [0, 92, -13], "rotation": [20, 0, 0], "uv": [30, 41]},
						{"origin": [-5, 94, -7], "size": [2, 2, 2], "inflate": -0.5, "pivot": [0, 92, -13], "rotation": [20, 0, 0], "uv": [12, 41]},
						{"origin": [2, 94, -8], "size": [2, 3, 3], "inflate": -0.3, "pivot": [0, 92, -13], "rotation": [15, 0, 0], "uv": [30, 71]},
						{"origin": [-4, 94, -8], "size": [2, 3, 3], "inflate": -0.3, "pivot": [0, 92, -13], "rotation": [15, 0, 0], "uv": [20, 71]},
						{"origin": [-2, 92, -17], "size": [4, 4, 3], "uv": [33, 0]},
						{"origin": [-3, 92, -8], "size": [6, 5, 6], "uv": [26, 94]},
						{"origin": [-4, 95, -5], "size": [3, 4, 8], "inflate": -0.1, "pivot": [-2, 94, -2], "rotation": [45, -20, 0], "uv": [101, 6]},
						{"origin": [-4, 96, 1], "size": [3, 4, 8], "inflate": -0.3, "pivot": [-2, 94, -2], "rotation": [30, -20, 0], "uv": [64, 97]},
						{"origin": [1, 96, 1], "size": [3, 4, 8], "inflate": -0.3, "pivot": [2, 94, -2], "rotation": [30, 20, 0], "uv": [42, 97]},
						{"origin": [-4, 99, 6], "size": [3, 4, 5], "inflate": -0.5, "pivot": [-2, 94, -2], "rotation": [12.5, -20, 0], "uv": [67, 109]},
						{"origin": [1, 99, 6], "size": [3, 4, 5], "inflate": -0.5, "pivot": [2, 94, -2], "rotation": [12.5, 20, 0], "uv": [51, 109]},
						{"origin": [-4, 102, 7], "size": [3, 4, 7], "inflate": -0.8, "pivot": [-2, 94, -2], "rotation": [-2.5, -20, 0], "uv": [99, 102]},
						{"origin": [1, 102, 7], "size": [3, 4, 7], "inflate": -0.8, "pivot": [2, 94, -2], "rotation": [-2.5, 20, 0], "uv": [79, 102]},
						{"origin": [1, 95, -5], "size": [3, 4, 8], "inflate": -0.1, "pivot": [2, 94, -2], "rotation": [45, 20, 0], "uv": [96, 90]},
						{"origin": [-3, 93, -7], "size": [6, 5, 4], "uv": [20, 105]},
						{"origin": [-3, 94, -9], "size": [6, 2, 7], "pivot": [0, 92, -13], "rotation": [17.5, 0, 0], "uv": [0, 94]},
						{"origin": [-3, 95, -9], "size": [6, 2, 7], "inflate": -0.2, "pivot": [0, 92, -13], "rotation": [17.5, 0, 0], "uv": [78, 89]},
						{"origin": [2, 91, -13], "size": [1, 2, 2], "inflate": -0.1, "uv": [62, 109]},
						{"origin": [-3, 91, -13], "size": [1, 2, 2], "inflate": -0.1, "uv": [50, 109]},
						{"origin": [2, 90, -13], "size": [1, 2, 2], "inflate": -0.4, "uv": [44, 109]},
						{"origin": [-3, 90, -13], "size": [1, 2, 2], "inflate": -0.4, "uv": [107, 55]},
						{"origin": [2, 90, -10], "size": [1, 2, 2], "inflate": -0.4, "uv": [107, 18]},
						{"origin": [-3, 90, -10], "size": [1, 2, 2], "inflate": -0.4, "uv": [107, 2]},
						{"origin": [2, 91, -10], "size": [1, 2, 2], "inflate": -0.1, "uv": [36, 105]},
						{"origin": [-3, 91, -10], "size": [1, 2, 2], "inflate": -0.1, "uv": [18, 105]},
						{"origin": [-2, 92, -20], "size": [4, 4, 8], "pivot": [0, 92, -13], "rotation": [15, 0, 0], "uv": [89, 31]},
						{"origin": [-3, 92, -19], "size": [1, 5, 7], "pivot": [0, 92, -13], "rotation": [15, -12.5, 0], "uv": [105, 24]},
						{"origin": [2, 92, -19], "size": [1, 5, 7], "pivot": [0, 92, -13], "rotation": [15, 12.5, 0], "uv": [0, 23]},
						{"origin": [2, 91, -18], "size": [1, 2, 2], "inflate": -0.1, "pivot": [0, 92, -13], "rotation": [15, 12.5, 0], "uv": [104, 77]},
						{"origin": [-3, 91, -18], "size": [1, 2, 2], "inflate": -0.1, "pivot": [0, 92, -13], "rotation": [15, -12.5, 0], "uv": [14, 103]},
						{"origin": [2, 91, -15], "size": [1, 2, 2], "inflate": -0.1, "pivot": [0, 92, -13], "rotation": [15, 12.5, 0], "uv": [103, 0]},
						{"origin": [-3, 91, -15], "size": [1, 2, 2], "inflate": -0.1, "pivot": [0, 92, -13], "rotation": [15, -12.5, 0], "uv": [0, 103]},
						{"origin": [2, 90, -18], "size": [1, 2, 2], "inflate": -0.4, "pivot": [0, 92, -13], "rotation": [15, 12.5, 0], "uv": [98, 102]},
						{"origin": [-3, 90, -18], "size": [1, 2, 2], "inflate": -0.4, "pivot": [0, 92, -13], "rotation": [15, -12.5, 0], "uv": [92, 102]},
						{"origin": [2, 90, -15], "size": [1, 2, 2], "inflate": -0.4, "pivot": [0, 92, -13], "rotation": [15, 12.5, 0], "uv": [102, 43]},
						{"origin": [-3, 90, -15], "size": [1, 2, 2], "inflate": -0.4, "pivot": [0, 92, -13], "rotation": [15, -12.5, 0], "uv": [101, 69]},
						{"origin": [-2, 84, -21], "size": [4, 5, 1], "pivot": [0, 92, -13], "rotation": [-40, 0, 0], "uv": [64, 53]},
						{"origin": [-2, 90, -22], "size": [4, 3, 3], "uv": [56, 38]},
						{"origin": [-2, 93, -22], "size": [4, 3, 2], "pivot": [0, 92, -13], "rotation": [20, 0, 0], "uv": [24, 63]},
						{"origin": [-2, 90, -23], "size": [4, 2, 3], "uv": [62, 0]},
						{"origin": [1, 89, -24], "size": [1, 2, 2], "inflate": -0.1, "uv": [66, 101]},
						{"origin": [-2, 89, -24], "size": [1, 2, 2], "inflate": -0.1, "uv": [60, 101]},
						{"origin": [1, 89, -21], "size": [1, 2, 2], "inflate": -0.1, "uv": [101, 18]},
						{"origin": [-2, 89, -21], "size": [1, 2, 2], "inflate": -0.1, "uv": [56, 99]},
						{"origin": [1, 88, -24], "size": [1, 3, 2], "inflate": -0.4, "uv": [70, 10]},
						{"origin": [-2, 88, -24], "size": [1, 3, 2], "inflate": -0.4, "uv": [70, 5]},
						{"origin": [1, 88, -21], "size": [1, 3, 2], "inflate": -0.4, "uv": [9, 23]},
						{"origin": [-2, 88, -21], "size": [1, 3, 2], "inflate": -0.4, "uv": [0, 23]},
						{"origin": [-2, 90, -24], "size": [4, 1, 3], "uv": [0, 35]},
						{"origin": [-1, 89, -24], "size": [2, 2, 1], "inflate": -0.1, "uv": [27, 71]},
						{"origin": [-1, 88, -24], "size": [2, 3, 1], "inflate": -0.4, "uv": [90, 98]},
						{"origin": [-2, 90, -22], "size": [4, 3, 2], "uv": [0, 63]},
						{"origin": [-2, 92, -21], "size": [4, 3, 2], "uv": [62, 17]},
						{"origin": [-2, 92, -21], "size": [4, 4, 1], "pivot": [0, 92, -13], "rotation": [12.5, 0, 0], "uv": [74, 17]}
					]
				},
				{
					"name": "Jaw",
					"parent": "head",
					"pivot": [0, 90.65078, -2.43391],
					"cubes": [
						{"origin": [-3, 90.373, -9.43391], "size": [6, 3, 7], "pivot": [0, 92, -3], "rotation": [45, 0, 0], "uv": [88, 57]},
						{"origin": [-2, 88.373, -23.43391], "size": [4, 2, 16], "pivot": [0, 92, -3], "rotation": [10, 0, 0], "uv": [0, 53]},
						{"origin": [-2, 87.373, -22.43391], "size": [4, 2, 15], "pivot": [0, 92, -3], "rotation": [10, 0, 0], "uv": [62, 0]},
						{"origin": [-1, 89.373, -23.43391], "size": [2, 2, 1], "inflate": -0.1, "pivot": [0, 92, -3], "rotation": [10, 0, 0], "uv": [62, 5]},
						{"origin": [-1, 90.373, -23.43391], "size": [2, 2, 1], "inflate": -0.4, "pivot": [0, 92, -3], "rotation": [10, 0, 0], "uv": [44, 0]},
						{"origin": [1, 89.373, -23.43391], "size": [1, 2, 2], "inflate": -0.1, "pivot": [0, 92, -3], "rotation": [10, 0, 0], "uv": [84, 98]},
						{"origin": [-2, 89.373, -23.43391], "size": [1, 2, 2], "inflate": -0.1, "pivot": [0, 92, -3], "rotation": [10, 0, 0], "uv": [78, 98]},
						{"origin": [1, 90.373, -23.43391], "size": [1, 2, 2], "inflate": -0.4, "pivot": [0, 92, -3], "rotation": [10, 0, 0], "uv": [97, 89]},
						{"origin": [1, 90.373, -19.43391], "size": [1, 2, 2], "inflate": -0.4, "pivot": [0, 92, -3], "rotation": [10, 0, 0], "uv": [97, 71]},
						{"origin": [1, 90.373, -16.43391], "size": [1, 2, 2], "inflate": -0.4, "pivot": [0, 92, -3], "rotation": [10, 0, 0], "uv": [97, 67]},
						{"origin": [-2, 90.373, -16.43391], "size": [1, 2, 2], "inflate": -0.4, "pivot": [0, 92, -3], "rotation": [10, 0, 0], "uv": [66, 97]},
						{"origin": [-2, 90.373, -19.43391], "size": [1, 2, 2], "inflate": -0.4, "pivot": [0, 92, -3], "rotation": [10, 0, 0], "uv": [60, 97]},
						{"origin": [-2, 90.373, -23.43391], "size": [1, 2, 2], "inflate": -0.4, "pivot": [0, 92, -3], "rotation": [10, 0, 0], "uv": [23, 96]},
						{"origin": [-2, 90.373, -13.43391], "size": [1, 2, 2], "inflate": -0.4, "pivot": [0, 92, -3], "rotation": [10, 0, 0], "uv": [56, 95]},
						{"origin": [-2, 90.373, -10.43391], "size": [1, 2, 2], "inflate": -0.4, "pivot": [0, 92, -3], "rotation": [10, 0, 0], "uv": [44, 94]},
						{"origin": [1, 90.373, -13.43391], "size": [1, 2, 2], "inflate": -0.4, "pivot": [0, 92, -3], "rotation": [10, 0, 0], "uv": [19, 94]},
						{"origin": [1, 90.373, -10.43391], "size": [1, 2, 2], "inflate": -0.4, "pivot": [0, 92, -3], "rotation": [10, 0, 0], "uv": [0, 94]},
						{"origin": [1, 89.373, -19.43391], "size": [1, 2, 2], "inflate": -0.1, "pivot": [0, 92, -3], "rotation": [10, 0, 0], "uv": [26, 92]},
						{"origin": [-2, 89.373, -19.43391], "size": [1, 2, 2], "inflate": -0.1, "pivot": [0, 92, -3], "rotation": [10, 0, 0], "uv": [91, 31]},
						{"origin": [1, 89.373, -16.43391], "size": [1, 2, 2], "inflate": -0.1, "pivot": [0, 92, -3], "rotation": [10, 0, 0], "uv": [78, 89]},
						{"origin": [-2, 89.373, -16.43391], "size": [1, 2, 2], "inflate": -0.1, "pivot": [0, 92, -3], "rotation": [10, 0, 0], "uv": [88, 57]},
						{"origin": [1, 89.373, -13.43391], "size": [1, 2, 2], "inflate": -0.1, "pivot": [0, 92, -3], "rotation": [10, 0, 0], "uv": [85, 0]},
						{"origin": [-2, 89.373, -13.43391], "size": [1, 2, 2], "inflate": -0.1, "pivot": [0, 92, -3], "rotation": [10, 0, 0], "uv": [83, 38]},
						{"origin": [1, 89.373, -10.43391], "size": [1, 2, 2], "inflate": -0.1, "pivot": [0, 92, -3], "rotation": [10, 0, 0], "uv": [38, 41]},
						{"origin": [-2, 89.373, -10.43391], "size": [1, 2, 2], "inflate": -0.1, "pivot": [0, 92, -3], "rotation": [10, 0, 0], "uv": [28, 35]},
						{"origin": [-5, 88.373, -14.43391], "size": [2, 2, 7], "inflate": -0.2, "pivot": [0, 92, -3], "rotation": [10, -15, 0], "uv": [33, 109]},
						{"origin": [3, 88.373, -14.43391], "size": [2, 2, 7], "inflate": -0.2, "pivot": [0, 92, -3], "rotation": [10, 15, 0], "uv": [107, 53]}
					]
				},
				{
					"name": "rightarm",
					"parent": "body",
					"pivot": [-4.5, 78.75, -1.25],
					"cubes": [
						{"origin": [-5, 63, -5], "size": [4, 17, 5], "pivot": [0, 92, -13], "rotation": [0, 0, 17.5], "uv": [60, 75]}
					]
				},
				{
					"name": "rightelbow",
					"parent": "rightarm",
					"pivot": [-13.09766, 66.28751, -2.71115],
					"cubes": [
						{"origin": [-13.67445, 49.35883, -5], "size": [4, 18, 4], "inflate": -0.2, "pivot": [-12, 65, -3], "rotation": [-25, 0, 2.5], "uv": [0, 41]}
					]
				},
				{
					"name": "righthand",
					"parent": "rightelbow",
					"pivot": [-13.09766, 52.28751, -8.71115],
					"cubes": [
						{"origin": [-13.67445, 45.3588, -6], "size": [4, 6, 6], "inflate": -0.2, "pivot": [-12, 65, -3], "rotation": [-25, 0, 2.5], "uv": [16, 41]},
						{"origin": [-15.67445, 42.3588, -6], "size": [2, 7, 2], "inflate": -0.3, "pivot": [-12, 65, -3], "rotation": [-25, -2.5, -12.5], "uv": [0, 0]},
						{"origin": [-15.67445, 39.3588, -6], "size": [2, 5, 2], "inflate": -0.5, "pivot": [-12, 65, -3], "rotation": [-25, -2.5, -12.5], "uv": [0, 71]}
					]
				},
				{
					"name": "finger0",
					"parent": "righthand",
					"pivot": [-12.61909, 48.36693, -11.36055],
					"cubes": [
						{"origin": [-13.67445, 41.3588, -4], "size": [2, 8, 2], "inflate": -0.3, "pivot": [-12, 65, -1], "rotation": [-25, 0, 2.5], "uv": [24, 53]},
						{"origin": [-13.59141, 40.371, -13.54082], "size": [2, 4, 2], "inflate": -0.3, "pivot": [-13, 44, -8], "rotation": [-25, 0, -25], "uv": [83, 31]},
						{"origin": [-13.59141, 37.371, -13.54082], "size": [2, 4, 2], "inflate": -0.5, "pivot": [-13, 44, -8], "rotation": [-25, 0, -25], "uv": [74, 53]}
					]
				},
				{
					"name": "finger1",
					"parent": "righthand",
					"pivot": [-12.61909, 48.36693, -13.36055],
					"cubes": [
						{"origin": [-13.67445, 41.3588, -6], "size": [2, 8, 2], "inflate": -0.3, "pivot": [-12, 65, -3], "rotation": [-25, 0, 2.5], "uv": [24, 53]},
						{"origin": [-13.59141, 40.371, -15.54082], "size": [2, 4, 2], "inflate": -0.3, "pivot": [-13, 44, -10], "rotation": [-25, 0, -25], "uv": [83, 31]},
						{"origin": [-13.59141, 37.371, -15.54082], "size": [2, 4, 2], "inflate": -0.5, "pivot": [-13, 44, -10], "rotation": [-25, 0, -25], "uv": [74, 53]}
					]
				},
				{
					"name": "finger2",
					"parent": "righthand",
					"pivot": [-12.61909, 48.36693, -13.36055],
					"cubes": [
						{"origin": [-13.67445, 41.3588, -6], "size": [2, 8, 2], "inflate": -0.3, "pivot": [-12, 65, -3], "rotation": [-25, 0, 2.5], "uv": [24, 53]},
						{"origin": [-13.59141, 40.371, -15.54082], "size": [2, 4, 2], "inflate": -0.3, "pivot": [-13, 44, -10], "rotation": [-25, 0, -25], "uv": [83, 31]},
						{"origin": [-13.59141, 37.371, -15.54082], "size": [2, 4, 2], "inflate": -0.5, "pivot": [-13, 44, -10], "rotation": [-25, 0, -25], "uv": [74, 53]}
					]
				},
				{
					"name": "finger3",
					"parent": "righthand",
					"pivot": [-12.61909, 48.36693, -9.36055],
					"cubes": [
						{"origin": [-13.67445, 41.3588, -2], "size": [2, 8, 2], "inflate": -0.3, "pivot": [-12, 65, 1], "rotation": [-25, 0, 2.5], "uv": [24, 53]},
						{"origin": [-13.59141, 40.371, -11.54082], "size": [2, 4, 2], "inflate": -0.3, "pivot": [-13, 44, -6], "rotation": [-25, 0, -25], "uv": [83, 31]},
						{"origin": [-13.59141, 37.371, -11.54082], "size": [2, 4, 2], "inflate": -0.5, "pivot": [-13, 44, -6], "rotation": [-25, 0, -25], "uv": [74, 53]}
					]
				},
				{
					"name": "leftarm",
					"parent": "body",
					"pivot": [4.5, 78.75, -1.25],
					"cubes": [
						{"origin": [1, 63, -5], "size": [4, 17, 5], "pivot": [0, 92, -13], "rotation": [0, 0, -17.5], "uv": [60, 75], "mirror": true}
					]
				},
				{
					"name": "leftelbow",
					"parent": "leftarm",
					"pivot": [13.09766, 66.28751, -2.71115],
					"cubes": [
						{"origin": [9.67445, 49.35883, -5], "size": [4, 18, 4], "inflate": -0.2, "pivot": [12, 65, -3], "rotation": [-25, 0, -2.5], "uv": [0, 41], "mirror": true}
					]
				},
				{
					"name": "lefthand",
					"parent": "leftelbow",
					"pivot": [13.09766, 52.28751, -8.71115],
					"cubes": [
						{"origin": [9.67445, 45.3588, -6], "size": [4, 6, 6], "inflate": -0.2, "pivot": [12, 65, -3], "rotation": [-25, 0, -2.5], "uv": [16, 41], "mirror": true},
						{"origin": [13.67445, 42.3588, -6], "size": [2, 7, 2], "inflate": -0.3, "pivot": [12, 65, -3], "rotation": [-25, 2.5, 12.5], "uv": [0, 0], "mirror": true},
						{"origin": [13.67445, 39.3588, -6], "size": [2, 5, 2], "inflate": -0.5, "pivot": [12, 65, -3], "rotation": [-25, 2.5, 12.5], "uv": [0, 71], "mirror": true}
					]
				},
				{
					"name": "finger4",
					"parent": "lefthand",
					"pivot": [12.61909, 48.36693, -11.36055],
					"cubes": [
						{"origin": [11.67445, 41.3588, -4], "size": [2, 8, 2], "inflate": -0.3, "pivot": [12, 65, -1], "rotation": [-25, 0, -2.5], "uv": [24, 53], "mirror": true},
						{"origin": [11.59141, 40.371, -13.54082], "size": [2, 4, 2], "inflate": -0.3, "pivot": [13, 44, -8], "rotation": [-25, 0, 25], "uv": [83, 31], "mirror": true},
						{"origin": [11.59141, 37.371, -13.54082], "size": [2, 4, 2], "inflate": -0.5, "pivot": [13, 44, -8], "rotation": [-25, 0, 25], "uv": [74, 53], "mirror": true}
					]
				},
				{
					"name": "finger5",
					"parent": "lefthand",
					"pivot": [12.61909, 48.36693, -13.36055],
					"cubes": [
						{"origin": [11.67445, 41.3588, -6], "size": [2, 8, 2], "inflate": -0.3, "pivot": [12, 65, -3], "rotation": [-25, 0, -2.5], "uv": [24, 53], "mirror": true},
						{"origin": [11.59141, 40.371, -15.54082], "size": [2, 4, 2], "inflate": -0.3, "pivot": [13, 44, -10], "rotation": [-25, 0, 25], "uv": [83, 31], "mirror": true},
						{"origin": [11.59141, 37.371, -15.54082], "size": [2, 4, 2], "inflate": -0.5, "pivot": [13, 44, -10], "rotation": [-25, 0, 25], "uv": [74, 53], "mirror": true}
					]
				},
				{
					"name": "finger6",
					"parent": "lefthand",
					"pivot": [12.61909, 48.36693, -13.36055],
					"cubes": [
						{"origin": [11.67445, 41.3588, -6], "size": [2, 8, 2], "inflate": -0.3, "pivot": [12, 65, -3], "rotation": [-25, 0, -2.5], "uv": [24, 53], "mirror": true},
						{"origin": [11.59141, 40.371, -15.54082], "size": [2, 4, 2], "inflate": -0.3, "pivot": [13, 44, -10], "rotation": [-25, 0, 25], "uv": [83, 31], "mirror": true},
						{"origin": [11.59141, 37.371, -15.54082], "size": [2, 4, 2], "inflate": -0.5, "pivot": [13, 44, -10], "rotation": [-25, 0, 25], "uv": [74, 53], "mirror": true}
					]
				},
				{
					"name": "finger7",
					"parent": "lefthand",
					"pivot": [12.61909, 48.36693, -9.36055],
					"cubes": [
						{"origin": [11.67445, 41.3588, -2], "size": [2, 8, 2], "inflate": -0.3, "pivot": [12, 65, 1], "rotation": [-25, 0, -2.5], "uv": [24, 53], "mirror": true},
						{"origin": [11.59141, 40.371, -11.54082], "size": [2, 4, 2], "inflate": -0.3, "pivot": [13, 44, -6], "rotation": [-25, 0, 25], "uv": [83, 31], "mirror": true},
						{"origin": [11.59141, 37.371, -11.54082], "size": [2, 4, 2], "inflate": -0.5, "pivot": [13, 44, -6], "rotation": [-25, 0, 25], "uv": [74, 53], "mirror": true}
					]
				},
				{
					"name": "rightleg",
					"parent": "all",
					"pivot": [-4.5, 47.25, -1.5],
					"cubes": [
						{"origin": [-8, 32, -7], "size": [6, 17, 8], "pivot": [-4, 45, -3], "rotation": [-20, 0, 0], "uv": [32, 69]}
					]
				},
				{
					"name": "rightknee",
					"parent": "rightleg",
					"pivot": [-5, 34.65941, -6.68404],
					"cubes": [
						{"origin": [-8, 11.6444, -10.34547], "size": [6, 24, 8], "pivot": [-4, 33, -7], "rotation": [20, 0, 0], "uv": [36, 37]},
						{"origin": [-8, 0.17441, -3.02261], "size": [6, 15, 8], "pivot": [-4, 13, 1], "rotation": [-2.5, 0, 0], "uv": [0, 71]},
						{"origin": [-8, 0.17441, -8.02261], "size": [6, 2, 16], "uv": [0, 23]},
						{"origin": [-8, 2.17441, -7.02261], "size": [6, 1, 14], "uv": [57, 23]}
					]
				},
				{
					"name": "leftleg",
					"parent": "all",
					"pivot": [4.5, 47.25, -1.5],
					"cubes": [
						{"origin": [2, 32, -7], "size": [6, 17, 8], "pivot": [4, 45, -3], "rotation": [-20, 0, 0], "uv": [32, 69], "mirror": true}
					]
				},
				{
					"name": "leftknee",
					"parent": "leftleg",
					"pivot": [5, 34.65941, -6.68404],
					"cubes": [
						{"origin": [2, 11.6444, -10.34547], "size": [6, 24, 8], "pivot": [4, 33, -7], "rotation": [20, 0, 0], "uv": [36, 37], "mirror": true},
						{"origin": [2, 0.17441, -3.02261], "size": [6, 15, 8], "pivot": [4, 13, 1], "rotation": [-2.5, 0, 0], "uv": [0, 71], "mirror": true},
						{"origin": [2, 0.17441, -8.02261], "size": [6, 2, 16], "uv": [0, 23], "mirror": true},
						{"origin": [2, 2.17441, -7.02261], "size": [6, 1, 14], "uv": [57, 23], "mirror": true}
					]
				}
			]
		}
	]
}