{"format_version":"1.12.0","minecraft:geometry":[{"description":{"identifier":"geometry.entity2","texture_width":256,"texture_height":256,"visible_bounds_width":6,"visible_bounds_height":13,"visible_bounds_offset":[0,1.5,0]},"bones":[{"name":"all","pivot":[0,50,-1]},{"name":"body","parent":"all","pivot":[0,35,0],"cubes":[{"origin":[-4,61,-7],"size":[8,7,9],"uv":[58,58]},{"origin":[-5,58,-8],"size":[10,7,11],"uv":[58,58]},{"origin":[-6,48,-9],"size":[12,13,13],"uv":[58,58]},{"origin":[-7,45,-10],"size":[14,13,15],"uv":[58,58]},{"origin":[-8,32,-11],"size":[16,13,17],"inflate":0.2,"uv":[58,58]},{"origin":[-6,22,-15],"size":[12,10,12],"inflate":0.2,"pivot":[0,0,2],"rotation":[-12.5,0,0],"uv":[58,58]},{"origin":[-4,15,-13],"size":[8,10,8],"inflate":0.2,"pivot":[0,0,2],"rotation":[-12.5,0,0],"uv":[58,58]},{"origin":[-2,6,-11],"size":[4,10,4],"inflate":0.2,"pivot":[0,0,2],"rotation":[-12.5,0,0],"uv":[58,58]}]},{"name":"neck","parent":"body","pivot":[0,68,-3],"rotation":[10,0,0],"cubes":[{"origin":[-3,81.24011,-10.60456],"size":[6,8,7],"inflate":-0.2,"pivot":[0,94.24011,-13.60456],"rotation":[20,0,0],"uv":[93,14]},{"origin":[-3,76.08121,-6.86926],"size":[6,11,7],"inflate":-0.2,"pivot":[0,85.24011,-3.60456],"rotation":[30,0,0],"uv":[157,24]},{"origin":[-3,64.70561,-4.93144],"size":[6,15,7],"inflate":-0.2,"pivot":[0,71.24011,3.39544],"rotation":[-12.5,0,0],"uv":[157,24]}]},{"name":"head","parent":"neck","pivot":[0,94.24011,-3.60456],"cubes":[{"origin":[-3,94.24011,-14.60456],"size":[6,5,8],"uv":[83,0]},{"origin":[3,96.24011,-7.60456],"size":[2,2,2],"inflate":-0.5,"pivot":[0,94.24011,-13.60456],"rotation":[20,0,0],"uv":[67,19]},{"origin":[-5,96.24011,-7.60456],"size":[2,2,2],"inflate":-0.5,"pivot":[0,94.24011,-13.60456],"rotation":[20,0,0],"uv":[58,19]},{"origin":[2,96.24011,-8.60456],"size":[2,3,3],"inflate":-0.3,"pivot":[0,94.24011,-13.60456],"rotation":[15,0,0],"uv":[42,91]},{"origin":[-4,96.24011,-8.60456],"size":[2,3,3],"inflate":-0.3,"pivot":[0,94.24011,-13.60456],"rotation":[15,0,0],"uv":[71,90]},{"origin":[-2,94.24011,-17.60456],"size":[4,4,3],"uv":[0,24]},{"origin":[-3,94.24011,-8.60456],"size":[6,5,6],"uv":[119,73]},{"origin":[-4,97.24011,-5.60456],"size":[3,4,8],"inflate":-0.1,"pivot":[-2,96.24011,-2.60456],"rotation":[45,-20,0],"uv":[90,126]},{"origin":[-4,98.24011,0.39544],"size":[3,4,8],"inflate":-0.3,"pivot":[-2,96.24011,-2.60456],"rotation":[30,-20,0],"uv":[126,35]},{"origin":[1,98.24011,0.39544],"size":[3,4,8],"inflate":-0.3,"pivot":[2,96.24011,-2.60456],"rotation":[30,20,0],"uv":[125,85]},{"origin":[-4,101.24011,5.39544],"size":[3,4,5],"inflate":-0.5,"pivot":[-2,96.24011,-2.60456],"rotation":[12.5,-20,0],"uv":[16,140]},{"origin":[1,101.24011,5.39544],"size":[3,4,5],"inflate":-0.5,"pivot":[2,96.24011,-2.60456],"rotation":[12.5,20,0],"uv":[91,139]},{"origin":[-4,104.24011,6.39544],"size":[3,4,7],"inflate":-0.8,"pivot":[-2,96.24011,-2.60456],"rotation":[-2.5,-20,0],"uv":[42,129]},{"origin":[1,104.24011,6.39544],"size":[3,4,7],"inflate":-0.8,"pivot":[2,96.24011,-2.60456],"rotation":[-2.5,20,0],"uv":[21,128]},{"origin":[1,97.24011,-5.60456],"size":[3,4,8],"inflate":-0.1,"pivot":[2,96.24011,-2.60456],"rotation":[45,20,0],"uv":[117,118]},{"origin":[-3,95.24011,-7.60456],"size":[6,5,4],"uv":[125,98]},{"origin":[-3,96.24011,-9.60456],"size":[6,2,7],"pivot":[0,94.24011,-13.60456],"rotation":[17.5,0,0],"uv":[118,108]},{"origin":[-3,97.24011,-9.60456],"size":[6,2,7],"inflate":-0.2,"pivot":[0,94.24011,-13.60456],"rotation":[17.5,0,0],"uv":[12,118]},{"origin":[2,93.24011,-13.60456],"size":[1,2,2],"inflate":-0.1,"uv":[108,142]},{"origin":[-3,93.24011,-13.60456],"size":[1,2,2],"inflate":-0.1,"uv":[70,141]},{"origin":[2,92.24011,-13.60456],"size":[1,2,2],"inflate":-0.4,"uv":[63,141]},{"origin":[-3,92.24011,-13.60456],"size":[1,2,2],"inflate":-0.4,"uv":[56,141]},{"origin":[2,92.24011,-10.60456],"size":[1,2,2],"inflate":-0.4,"uv":[49,141]},{"origin":[-3,92.24011,-10.60456],"size":[1,2,2],"inflate":-0.4,"uv":[42,141]},{"origin":[2,93.24011,-10.60456],"size":[1,2,2],"inflate":-0.1,"uv":[141,37]},{"origin":[-3,93.24011,-10.60456],"size":[1,2,2],"inflate":-0.1,"uv":[141,32]},{"origin":[-2,94.24011,-20.60456],"size":[4,4,8],"pivot":[0,94.24011,-13.60456],"rotation":[15,0,0],"uv":[42,116]},{"origin":[-3,94.24011,-19.60456],"size":[1,5,7],"pivot":[0,94.24011,-13.60456],"rotation":[15,-12.5,0],"uv":[133,124]},{"origin":[2,94.24011,-19.60456],"size":[1,5,7],"pivot":[0,94.24011,-13.60456],"rotation":[15,12.5,0],"uv":[131,8]},{"origin":[2,93.24011,-18.60456],"size":[1,2,2],"inflate":-0.1,"pivot":[0,94.24011,-13.60456],"rotation":[15,12.5,0],"uv":[141,10]},{"origin":[-3,93.24011,-18.60456],"size":[1,2,2],"inflate":-0.1,"pivot":[0,94.24011,-13.60456],"rotation":[15,-12.5,0],"uv":[9,141]},{"origin":[2,93.24011,-15.60456],"size":[1,2,2],"inflate":-0.1,"pivot":[0,94.24011,-13.60456],"rotation":[15,12.5,0],"uv":[140,85]},{"origin":[-3,93.24011,-15.60456],"size":[1,2,2],"inflate":-0.1,"pivot":[0,94.24011,-13.60456],"rotation":[15,-12.5,0],"uv":[139,118]},{"origin":[2,92.24011,-18.60456],"size":[1,2,2],"inflate":-0.4,"pivot":[0,94.24011,-13.60456],"rotation":[15,12.5,0],"uv":[103,139]},{"origin":[-3,92.24011,-18.60456],"size":[1,2,2],"inflate":-0.4,"pivot":[0,94.24011,-13.60456],"rotation":[15,-12.5,0],"uv":[133,21]},{"origin":[2,92.24011,-15.60456],"size":[1,2,2],"inflate":-0.4,"pivot":[0,94.24011,-13.60456],"rotation":[15,12.5,0],"uv":[132,118]},{"origin":[-3,92.24011,-15.60456],"size":[1,2,2],"inflate":-0.4,"pivot":[0,94.24011,-13.60456],"rotation":[15,-12.5,0],"uv":[132,0]},{"origin":[-2,86.24011,-21.60456],"size":[4,5,1],"pivot":[0,94.24011,-13.60456],"rotation":[-40,0,0],"uv":[50,58]},{"origin":[-2,92.24011,-22.60456],"size":[4,3,3],"uv":[29,27]},{"origin":[-2,95.24011,-22.60456],"size":[4,3,2],"pivot":[0,94.24011,-13.60456],"rotation":[20,0,0],"uv":[44,27]},{"origin":[-2,92.24011,-23.60456],"size":[4,2,3],"uv":[0,32]},{"origin":[1,91.24011,-24.60456],"size":[1,2,2],"inflate":-0.1,"uv":[85,129]},{"origin":[-2,91.24011,-24.60456],"size":[1,2,2],"inflate":-0.1,"uv":[78,129]},{"origin":[1,91.24011,-21.60456],"size":[1,2,2],"inflate":-0.1,"uv":[56,129]},{"origin":[-2,91.24011,-21.60456],"size":[1,2,2],"inflate":-0.1,"uv":[15,128]},{"origin":[1,90.24011,-24.60456],"size":[1,3,2],"inflate":-0.4,"uv":[67,0]},{"origin":[-2,90.24011,-24.60456],"size":[1,3,2],"inflate":-0.4,"uv":[29,55]},{"origin":[1,90.24011,-21.60456],"size":[1,3,2],"inflate":-0.4,"uv":[29,49]},{"origin":[-2,90.24011,-21.60456],"size":[1,3,2],"inflate":-0.4,"uv":[0,43]},{"origin":[-2,92.24011,-24.60456],"size":[4,1,3],"uv":[34,0]},{"origin":[-1,91.24011,-24.60456],"size":[2,2,1],"inflate":-0.1,"uv":[42,98]},{"origin":[-1,90.24011,-24.60456],"size":[2,3,1],"inflate":-0.4,"uv":[127,48]},{"origin":[-2,92.24011,-22.60456],"size":[4,3,2],"uv":[21,43]},{"origin":[-2,94.24011,-21.60456],"size":[4,3,2],"uv":[29,34]},{"origin":[-2,94.24011,-21.60456],"size":[4,4,1],"pivot":[0,94.24011,-13.60456],"rotation":[12.5,0,0],"uv":[57,27]}]},{"name":"Jaw","parent":"head","pivot":[0,94.24011,-2.60456],"cubes":[{"origin":[-3,92.61311,-10.03847],"size":[6,3,7],"pivot":[0,94.24011,-3.60456],"rotation":[45,0,0],"uv":[98,115]},{"origin":[-2,90.61311,-24.03847],"size":[4,2,16],"pivot":[0,94.24011,-3.60456],"rotation":[10,0,0],"uv":[58,0]},{"origin":[-2,89.61311,-23.03847],"size":[4,2,15],"pivot":[0,94.24011,-3.60456],"rotation":[10,0,0],"uv":[75,35]},{"origin":[-1,91.61311,-24.03847],"size":[2,2,1],"inflate":-0.1,"pivot":[0,94.24011,-3.60456],"rotation":[10,0,0],"uv":[75,46]},{"origin":[-1,92.61311,-24.03847],"size":[2,2,1],"inflate":-0.4,"pivot":[0,94.24011,-3.60456],"rotation":[10,0,0],"uv":[34,5]},{"origin":[1,91.61311,-24.03847],"size":[1,2,2],"inflate":-0.1,"pivot":[0,94.24011,-3.60456],"rotation":[10,0,0],"uv":[126,35]},{"origin":[-2,91.61311,-24.03847],"size":[1,2,2],"inflate":-0.1,"pivot":[0,94.24011,-3.60456],"rotation":[10,0,0],"uv":[41,118]},{"origin":[1,92.61311,-24.03847],"size":[1,2,2],"inflate":-0.4,"pivot":[0,94.24011,-3.60456],"rotation":[10,0,0],"uv":[98,117]},{"origin":[1,92.61311,-20.03847],"size":[1,2,2],"inflate":-0.4,"pivot":[0,94.24011,-3.60456],"rotation":[10,0,0],"uv":[92,114]},{"origin":[1,92.61311,-17.03847],"size":[1,2,2],"inflate":-0.4,"pivot":[0,94.24011,-3.60456],"rotation":[10,0,0],"uv":[113,15]},{"origin":[-2,92.61311,-17.03847],"size":[1,2,2],"inflate":-0.4,"pivot":[0,94.24011,-3.60456],"rotation":[10,0,0],"uv":[107,53]},{"origin":[-2,92.61311,-20.03847],"size":[1,2,2],"inflate":-0.4,"pivot":[0,94.24011,-3.60456],"rotation":[10,0,0],"uv":[14,102]},{"origin":[-2,92.61311,-24.03847],"size":[1,2,2],"inflate":-0.4,"pivot":[0,94.24011,-3.60456],"rotation":[10,0,0],"uv":[100,92]},{"origin":[-2,92.61311,-14.03847],"size":[1,2,2],"inflate":-0.4,"pivot":[0,94.24011,-3.60456],"rotation":[10,0,0],"uv":[92,83]},{"origin":[-2,92.61311,-11.03847],"size":[1,2,2],"inflate":-0.4,"pivot":[0,94.24011,-3.60456],"rotation":[10,0,0],"uv":[89,53]},{"origin":[1,92.61311,-14.03847],"size":[1,2,2],"inflate":-0.4,"pivot":[0,94.24011,-3.60456],"rotation":[10,0,0],"uv":[65,83]},{"origin":[1,92.61311,-11.03847],"size":[1,2,2],"inflate":-0.4,"pivot":[0,94.24011,-3.60456],"rotation":[10,0,0],"uv":[83,0]},{"origin":[1,91.61311,-20.03847],"size":[1,2,2],"inflate":-0.1,"pivot":[0,94.24011,-3.60456],"rotation":[10,0,0],"uv":[82,53]},{"origin":[-2,91.61311,-20.03847],"size":[1,2,2],"inflate":-0.1,"pivot":[0,94.24011,-3.60456],"rotation":[10,0,0],"uv":[82,44]},{"origin":[1,91.61311,-17.03847],"size":[1,2,2],"inflate":-0.1,"pivot":[0,94.24011,-3.60456],"rotation":[10,0,0],"uv":[21,76]},{"origin":[-2,91.61311,-17.03847],"size":[1,2,2],"inflate":-0.1,"pivot":[0,94.24011,-3.60456],"rotation":[10,0,0],"uv":[0,76]},{"origin":[1,91.61311,-14.03847],"size":[1,2,2],"inflate":-0.1,"pivot":[0,94.24011,-3.60456],"rotation":[10,0,0],"uv":[75,53]},{"origin":[-2,91.61311,-14.03847],"size":[1,2,2],"inflate":-0.1,"pivot":[0,94.24011,-3.60456],"rotation":[10,0,0],"uv":[68,27]},{"origin":[1,91.61311,-11.03847],"size":[1,2,2],"inflate":-0.1,"pivot":[0,94.24011,-3.60456],"rotation":[10,0,0],"uv":[29,61]},{"origin":[-2,91.61311,-11.03847],"size":[1,2,2],"inflate":-0.1,"pivot":[0,94.24011,-3.60456],"rotation":[10,0,0],"uv":[58,11]},{"origin":[-5,90.61311,-15.03847],"size":[2,2,7],"inflate":-0.2,"pivot":[0,94.24011,-3.60456],"rotation":[10,-15,0],"uv":[127,137]},{"origin":[3,90.61311,-15.03847],"size":[2,2,7],"inflate":-0.2,"pivot":[0,94.24011,-3.60456],"rotation":[10,15,0],"uv":[77,134]}]},{"name":"leg0","parent":"all","pivot":[5,34,-7],"rotation":[0,-25,0],"cubes":[{"origin":[5.74663,35.0638,-8.41714],"size":[4,30,3],"pivot":[8.04584,37,-5.79322],"rotation":[60.22401,-17.6877,17.36685],"uv":[0,0],"mirror":true},{"origin":[13.93183,42.2127,-24.93542],"size":[4,19,3],"pivot":[16.04584,44,-23.79322],"rotation":[147.72401,-17.6877,17.36685],"uv":[0,0],"mirror":true},{"origin":[5.74663,35.0638,-8.41714],"size":[4,17,3],"inflate":0.3,"pivot":[8.04584,37,-5.79322],"rotation":[60.22401,-17.6877,17.36685],"uv":[0,0],"mirror":true}]},{"name":"legtip0","parent":"leg0","pivot":[14,30,-34],"cubes":[{"origin":[-7.84015,-115.2127,-61.93542],"size":[4,24,3],"inflate":0.5,"pivot":[-15.95416,-44,-23.79322],"rotation":[-147.72401,17.6877,17.36685],"uv":[0,0]},{"origin":[-7.84015,-92.2127,-61.93542],"size":[4,13,3],"pivot":[-15.95416,-44,-23.79322],"rotation":[-147.72401,17.6877,17.36685],"uv":[0,0]}]},{"name":"leg2","parent":"all","pivot":[-5,34,1],"rotation":[0,-25,0],"cubes":[{"origin":[-9.74663,35.0638,-0.58286],"size":[4,30,3],"pivot":[-8.04584,37,-0.20678],"rotation":[-60.22401,-17.6877,-17.36685],"uv":[0,0]},{"origin":[-17.93183,42.2127,15.93542],"size":[4,19,3],"pivot":[-16.04584,44,17.79322],"rotation":[-147.72401,-17.6877,-17.36685],"uv":[0,0]},{"origin":[-9.74663,35.0638,-0.58286],"size":[4,17,3],"inflate":0.3,"pivot":[-8.04584,37,-0.20678],"rotation":[-60.22401,-17.6877,-17.36685],"uv":[0,0]}]},{"name":"legtip2","parent":"leg2","pivot":[-14,30,28],"cubes":[{"origin":[3.84015,-115.2127,52.93542],"size":[4,24,3],"inflate":0.5,"pivot":[15.95416,-44,17.79322],"rotation":[147.72401,17.6877,-17.36685],"uv":[0,0],"mirror":true},{"origin":[3.84015,-92.2127,52.93542],"size":[4,13,3],"pivot":[15.95416,-44,17.79322],"rotation":[147.72401,17.6877,-17.36685],"uv":[0,0],"mirror":true}]},{"name":"leg1","parent":"all","pivot":[-5,34,-7],"rotation":[0,25,0],"cubes":[{"origin":[-9.74663,35.0638,-8.41714],"size":[4,30,3],"pivot":[-8.04584,37,-5.79322],"rotation":[60.22401,17.6877,-17.36685],"uv":[0,0]},{"origin":[-17.93183,42.2127,-24.93542],"size":[4,19,3],"pivot":[-16.04584,44,-23.79322],"rotation":[147.72401,17.6877,-17.36685],"uv":[0,0]},{"origin":[-9.74663,35.0638,-8.41714],"size":[4,17,3],"inflate":0.3,"pivot":[-8.04584,37,-5.79322],"rotation":[60.22401,17.6877,-17.36685],"uv":[0,0]}]},{"name":"legtip1","parent":"leg1","pivot":[-14,30,-34],"cubes":[{"origin":[3.84015,-115.2127,-61.93542],"size":[4,24,3],"inflate":0.5,"pivot":[15.95416,-44,-23.79322],"rotation":[-147.72401,-17.6877,-17.36685],"uv":[0,0],"mirror":true},{"origin":[3.84015,-92.2127,-61.93542],"size":[4,13,3],"pivot":[15.95416,-44,-23.79322],"rotation":[-147.72401,-17.6877,-17.36685],"uv":[0,0],"mirror":true}]},{"name":"leg3","parent":"all","pivot":[5,34,1],"rotation":[0,25,0],"cubes":[{"origin":[5.74663,35.0638,-0.58286],"size":[4,30,3],"pivot":[8.04584,37,-0.20678],"rotation":[-60.22401,17.6877,17.36685],"uv":[0,0],"mirror":true},{"origin":[13.93183,42.2127,15.93542],"size":[4,19,3],"pivot":[16.04584,44,17.79322],"rotation":[-147.72401,17.6877,17.36685],"uv":[0,0],"mirror":true},{"origin":[5.74663,35.0638,-0.58286],"size":[4,17,3],"inflate":0.3,"pivot":[8.04584,37,-0.20678],"rotation":[-60.22401,17.6877,17.36685],"uv":[0,0],"mirror":true}]},{"name":"legtip3","parent":"leg3","pivot":[14,30,28],"cubes":[{"origin":[-7.84015,-115.2127,52.93542],"size":[4,24,3],"inflate":0.5,"pivot":[-15.95416,-44,17.79322],"rotation":[147.72401,-17.6877,17.36685],"uv":[0,0]},{"origin":[-7.84015,-92.2127,52.93542],"size":[4,13,3],"pivot":[-15.95416,-44,17.79322],"rotation":[147.72401,-17.6877,17.36685],"uv":[0,0]}]}]}]}