{
	"format_version": "1.12.0",
	"minecraft:geometry": [
		{
			"description": {
				"identifier": "geometry.hopps",
				"texture_width": 128,
				"texture_height": 128,
				"visible_bounds_width": 4,
				"visible_bounds_height": 6,
				"visible_bounds_offset": [0, 2, 0]
			},
			"bones": [
				{
					"name": "all",
					"pivot": [0, 28, 6]
				},
				{
					"name": "hip",
					"parent": "all",
					"pivot": [0, 28, 6],
					"cubes": [
						{
							"origin": [-5, 23, 2],
							"size": [10, 6, 5],
							"inflate": 0.1,
							"uv": {
								"north": {"uv": [36, 5], "uv_size": [10, 6]},
								"east": {"uv": [31, 5], "uv_size": [5, 6]},
								"south": {"uv": [51, 5], "uv_size": [10, 6]},
								"west": {"uv": [46, 5], "uv_size": [5, 6]},
								"up": {"uv": [36, 0], "uv_size": [10, 5]},
								"down": {"uv": [46, 5], "uv_size": [10, -5]}
							}
						}
					]
				},
				{
					"name": "body",
					"parent": "hip",
					"pivot": [0, 27, 4],
					"cubes": [
						{
							"origin": [-4, 42.28509, 2.71404],
							"size": [8, 1, 5],
							"uv": {
								"north": {"uv": [19, 69], "uv_size": [8, 1]},
								"east": {"uv": [14, 69], "uv_size": [5, 1]},
								"south": {"uv": [32, 69], "uv_size": [8, 1]},
								"west": {"uv": [27, 69], "uv_size": [5, 1]},
								"up": {"uv": [19, 64], "uv_size": [8, 5]},
								"down": {"uv": [27, 69], "uv_size": [8, -5]}
							}
						},
						{
							"origin": [-5, 27.2851, 2.71404],
							"size": [10, 15, 5],
							"uv": {
								"north": {"uv": [5, 5], "uv_size": [10, 15]},
								"east": {"uv": [0, 5], "uv_size": [5, 15]},
								"south": {"uv": [20, 5], "uv_size": [10, 15]},
								"west": {"uv": [15, 5], "uv_size": [5, 15]},
								"up": {"uv": [5, 0], "uv_size": [10, 5]},
								"down": {"uv": [15, 5], "uv_size": [10, -5]}
							}
						},
						{
							"origin": [-4, 30.2851, 1.71404],
							"size": [8, 9, 2],
							"inflate": -0.2,
							"uv": {
								"north": {"uv": [64, 70], "uv_size": [8, 9]},
								"east": {"uv": [62, 70], "uv_size": [2, 9]},
								"south": {"uv": [74, 70], "uv_size": [8, 9]},
								"west": {"uv": [72, 70], "uv_size": [2, 9]},
								"up": {"uv": [64, 68], "uv_size": [8, 2]},
								"down": {"uv": [72, 70], "uv_size": [8, -2]}
							}
						},
						{
							"origin": [-3, 38.2851, 1.71404],
							"size": [6, 2, 2],
							"inflate": -0.2,
							"uv": {
								"north": {"uv": [78, 41], "uv_size": [6, 2]},
								"east": {"uv": [76, 41], "uv_size": [2, 2]},
								"south": {"uv": [86, 41], "uv_size": [6, 2]},
								"west": {"uv": [84, 41], "uv_size": [2, 2]},
								"up": {"uv": [78, 39], "uv_size": [6, 2]},
								"down": {"uv": [84, 41], "uv_size": [6, -2]}
							}
						},
						{
							"origin": [-3, 29.28509, 1.71404],
							"size": [6, 2, 2],
							"inflate": -0.2,
							"uv": {
								"north": {"uv": [76, 57], "uv_size": [6, 2]},
								"east": {"uv": [74, 57], "uv_size": [2, 2]},
								"south": {"uv": [84, 57], "uv_size": [6, 2]},
								"west": {"uv": [82, 57], "uv_size": [2, 2]},
								"up": {"uv": [76, 55], "uv_size": [6, 2]},
								"down": {"uv": [82, 57], "uv_size": [6, -2]}
							}
						},
						{
							"origin": [-2, 40.2851, 1.71404],
							"size": [4, 2, 1],
							"uv": {
								"north": {"uv": [84, 73], "uv_size": [4, 2]},
								"east": {"uv": [83, 73], "uv_size": [1, 2]},
								"south": {"uv": [89, 73], "uv_size": [4, 2]},
								"west": {"uv": [88, 73], "uv_size": [1, 2]},
								"up": {"uv": [84, 72], "uv_size": [4, 1]},
								"down": {"uv": [88, 73], "uv_size": [4, -1]}
							}
						},
						{
							"origin": [-6, 39.2851, 1.71404],
							"size": [5, 4, 1],
							"inflate": -0.3,
							"uv": {
								"north": {"uv": [80, 81], "uv_size": [5, 4]},
								"east": {"uv": [79, 81], "uv_size": [1, 4]},
								"south": {"uv": [86, 81], "uv_size": [5, 4]},
								"west": {"uv": [85, 81], "uv_size": [1, 4]},
								"up": {"uv": [80, 80], "uv_size": [5, 1]},
								"down": {"uv": [85, 81], "uv_size": [5, -1]}
							}
						},
						{
							"origin": [1, 39.2851, 1.71404],
							"size": [5, 4, 1],
							"inflate": -0.3,
							"uv": {
								"north": {"uv": [67, 81], "uv_size": [5, 4]},
								"east": {"uv": [66, 81], "uv_size": [1, 4]},
								"south": {"uv": [73, 81], "uv_size": [5, 4]},
								"west": {"uv": [72, 81], "uv_size": [1, 4]},
								"up": {"uv": [67, 80], "uv_size": [5, 1]},
								"down": {"uv": [72, 81], "uv_size": [5, -1]}
							}
						},
						{
							"origin": [-3, 43.2851, 2.71404],
							"size": [6, 2, 5],
							"uv": {
								"north": {"uv": [72, 21], "uv_size": [6, 2]},
								"east": {"uv": [67, 21], "uv_size": [5, 2]},
								"south": {"uv": [83, 21], "uv_size": [6, 2]},
								"west": {"uv": [78, 21], "uv_size": [5, 2]},
								"up": {"uv": [72, 16], "uv_size": [6, 5]},
								"down": {"uv": [78, 21], "uv_size": [6, -5]}
							}
						}
					]
				},
				{
					"name": "head",
					"parent": "body",
					"pivot": [0, 45.28509, 6.71404],
					"cubes": [
						{
							"origin": [-5, 47.2851, 0.71404],
							"size": [2, 6, 8],
							"inflate": -0.2,
							"uv": {
								"north": {"uv": [52, 57], "uv_size": [2, 6]},
								"east": {"uv": [44, 57], "uv_size": [8, 6]},
								"south": {"uv": [62, 57], "uv_size": [2, 6]},
								"west": {"uv": [54, 57], "uv_size": [8, 6]},
								"up": {"uv": [52, 49], "uv_size": [2, 8]},
								"down": {"uv": [54, 57], "uv_size": [2, -8]}
							}
						},
						{
							"origin": [3, 47.28509, 0.71404],
							"size": [2, 6, 8],
							"inflate": -0.2,
							"uv": {
								"north": {"uv": [27, 57], "uv_size": [2, 6]},
								"east": {"uv": [19, 57], "uv_size": [8, 6]},
								"south": {"uv": [37, 57], "uv_size": [2, 6]},
								"west": {"uv": [29, 57], "uv_size": [8, 6]},
								"up": {"uv": [27, 49], "uv_size": [2, 8]},
								"down": {"uv": [29, 57], "uv_size": [2, -8]}
							}
						},
						{
							"origin": [-4, 48.2851, 0.71404],
							"size": [8, 6, 8],
							"uv": {
								"north": {"uv": [8, 29], "uv_size": [8, 6]},
								"east": {"uv": [0, 29], "uv_size": [8, 6]},
								"south": {"uv": [24, 29], "uv_size": [8, 6]},
								"west": {"uv": [16, 29], "uv_size": [8, 6]},
								"up": {"uv": [8, 21], "uv_size": [8, 8]},
								"down": {"uv": [16, 29], "uv_size": [8, -8]}
							}
						},
						{
							"origin": [-4, 45.28509, 7.71404],
							"size": [8, 9, 2],
							"inflate": -0.2,
							"uv": {
								"north": {"uv": [43, 70], "uv_size": [8, 9]},
								"east": {"uv": [41, 70], "uv_size": [2, 9]},
								"south": {"uv": [53, 70], "uv_size": [8, 9]},
								"west": {"uv": [51, 70], "uv_size": [2, 9]},
								"up": {"uv": [43, 68], "uv_size": [8, 2]},
								"down": {"uv": [51, 70], "uv_size": [8, -2]}
							}
						},
						{
							"origin": [-4, 53.28509, 0.71404],
							"size": [8, 2, 8],
							"inflate": -0.3,
							"uv": {
								"north": {"uv": [33, 21], "uv_size": [8, 2]},
								"east": {"uv": [25, 21], "uv_size": [8, 2]},
								"south": {"uv": [49, 21], "uv_size": [8, 2]},
								"west": {"uv": [41, 21], "uv_size": [8, 2]},
								"up": {"uv": [33, 13], "uv_size": [8, 8]},
								"down": {"uv": [41, 21], "uv_size": [8, -8]}
							}
						},
						{
							"origin": [-4, 46.28509, 6.71404],
							"size": [8, 2, 2],
							"uv": {
								"north": {"uv": [59, 2], "uv_size": [8, 2]},
								"east": {"uv": [57, 2], "uv_size": [2, 2]},
								"south": {"uv": [69, 2], "uv_size": [8, 2]},
								"west": {"uv": [67, 2], "uv_size": [2, 2]},
								"up": {"uv": [59, 0], "uv_size": [8, 2]},
								"down": {"uv": [67, 2], "uv_size": [8, -2]}
							}
						},
						{
							"origin": [-3, 47.28509, -0.28596],
							"size": [6, 1, 1],
							"uv": {
								"north": {"uv": [51, 17], "uv_size": [6, 1]},
								"east": {"uv": [50, 17], "uv_size": [1, 1]},
								"south": {"uv": [58, 17], "uv_size": [6, 1]},
								"west": {"uv": [57, 17], "uv_size": [1, 1]},
								"up": {"uv": [51, 16], "uv_size": [6, 1]},
								"down": {"uv": [57, 17], "uv_size": [6, -1]}
							}
						},
						{
							"origin": [-4, 47.28509, -0.28596],
							"size": [4, 3, 2],
							"inflate": -0.1,
							"uv": {
								"north": {"uv": [80, 11], "uv_size": [4, 3]},
								"east": {"uv": [78, 11], "uv_size": [2, 3]},
								"south": {"uv": [86, 11], "uv_size": [4, 3]},
								"west": {"uv": [84, 11], "uv_size": [2, 3]},
								"up": {"uv": [80, 9], "uv_size": [4, 2]},
								"down": {"uv": [84, 11], "uv_size": [4, -2]}
							}
						},
						{
							"origin": [-1, 51.28509, 3.71404],
							"size": [2, 1, 2],
							"inflate": -0.1,
							"pivot": [0, 42.28509, 6.71404],
							"rotation": [30, 0, 0],
							"uv": {
								"north": {"uv": [28, 2], "uv_size": [2, 1]},
								"east": {"uv": [26, 2], "uv_size": [2, 1]},
								"south": {"uv": [32, 2], "uv_size": [2, 1]},
								"west": {"uv": [30, 2], "uv_size": [2, 1]},
								"up": {"uv": [28, 0], "uv_size": [2, 2]},
								"down": {"uv": [30, 2], "uv_size": [2, -2]}
							}
						},
						{
							"origin": [0, 47.28509, -0.28596],
							"size": [4, 3, 2],
							"inflate": -0.1,
							"uv": {
								"north": {"uv": [59, 53], "uv_size": [4, 3]},
								"east": {"uv": [57, 53], "uv_size": [2, 3]},
								"south": {"uv": [65, 53], "uv_size": [4, 3]},
								"west": {"uv": [63, 53], "uv_size": [2, 3]},
								"up": {"uv": [59, 51], "uv_size": [4, 2]},
								"down": {"uv": [63, 53], "uv_size": [4, -2]}
							}
						},
						{
							"origin": [0, 48.28509, -0.28596],
							"size": [5, 1, 1],
							"inflate": -0.3,
							"pivot": [0, 42.28509, 6.71404],
							"rotation": [0, 0, 20],
							"uv": {
								"north": {"uv": [84, 70], "uv_size": [5, 1]},
								"east": {"uv": [83, 70], "uv_size": [1, 1]},
								"south": {"uv": [90, 70], "uv_size": [5, 1]},
								"west": {"uv": [89, 70], "uv_size": [1, 1]},
								"up": {"uv": [84, 69], "uv_size": [5, 1]},
								"down": {"uv": [89, 70], "uv_size": [5, -1]}
							}
						},
						{
							"origin": [-5, 48.2851, -0.28596],
							"size": [5, 1, 1],
							"inflate": -0.3,
							"pivot": [0, 42.28509, 6.71404],
							"rotation": [0, 0, -20],
							"uv": {
								"north": {"uv": [84, 37], "uv_size": [5, 1]},
								"east": {"uv": [83, 37], "uv_size": [1, 1]},
								"south": {"uv": [90, 37], "uv_size": [5, 1]},
								"west": {"uv": [89, 37], "uv_size": [1, 1]},
								"up": {"uv": [84, 36], "uv_size": [5, 1]},
								"down": {"uv": [89, 37], "uv_size": [5, -1]}
							}
						},
						{
							"origin": [4, 48.28509, -0.28596],
							"size": [5, 1, 1],
							"inflate": -0.3,
							"pivot": [0, 42.28509, 6.71404],
							"rotation": [0, 0, -12.5],
							"uv": {
								"north": {"uv": [84, 34], "uv_size": [5, 1]},
								"east": {"uv": [83, 34], "uv_size": [1, 1]},
								"south": {"uv": [90, 34], "uv_size": [5, 1]},
								"west": {"uv": [89, 34], "uv_size": [1, 1]},
								"up": {"uv": [84, 33], "uv_size": [5, 1]},
								"down": {"uv": [89, 34], "uv_size": [5, -1]}
							}
						},
						{
							"origin": [-9, 48.2851, -0.28596],
							"size": [5, 1, 1],
							"inflate": -0.3,
							"pivot": [0, 42.28509, 6.71404],
							"rotation": [0, 0, 12.5],
							"uv": {
								"north": {"uv": [77, 45], "uv_size": [5, 1]},
								"east": {"uv": [76, 45], "uv_size": [1, 1]},
								"south": {"uv": [83, 45], "uv_size": [5, 1]},
								"west": {"uv": [82, 45], "uv_size": [1, 1]},
								"up": {"uv": [77, 44], "uv_size": [5, 1]},
								"down": {"uv": [82, 45], "uv_size": [5, -1]}
							}
						},
						{
							"origin": [3, 48.28509, -0.28596],
							"size": [5, 1, 1],
							"inflate": -0.3,
							"uv": {
								"north": {"uv": [37, 65], "uv_size": [5, 1]},
								"east": {"uv": [36, 65], "uv_size": [1, 1]},
								"south": {"uv": [43, 65], "uv_size": [5, 1]},
								"west": {"uv": [42, 65], "uv_size": [1, 1]},
								"up": {"uv": [37, 64], "uv_size": [5, 1]},
								"down": {"uv": [42, 65], "uv_size": [5, -1]}
							}
						},
						{
							"origin": [-8, 48.28509, -0.28596],
							"size": [5, 1, 1],
							"inflate": -0.3,
							"uv": {
								"north": {"uv": [26, 39], "uv_size": [5, 1]},
								"east": {"uv": [25, 39], "uv_size": [1, 1]},
								"south": {"uv": [32, 39], "uv_size": [5, 1]},
								"west": {"uv": [31, 39], "uv_size": [1, 1]},
								"up": {"uv": [26, 38], "uv_size": [5, 1]},
								"down": {"uv": [31, 39], "uv_size": [5, -1]}
							}
						},
						{
							"origin": [-1, 45.28509, -0.28596],
							"size": [1, 3, 1],
							"inflate": -0.2,
							"uv": {
								"north": {"uv": [27, 87], "uv_size": [1, 2]},
								"east": {"uv": [26, 87], "uv_size": [1, 2]},
								"south": {"uv": [29, 87], "uv_size": [1, 2]},
								"west": {"uv": [28, 87], "uv_size": [1, 2]},
								"up": {"uv": [27, 86], "uv_size": [1, 1]},
								"down": {"uv": [28, 87], "uv_size": [1, -1]}
							}
						},
						{
							"origin": [0, 45.28509, -0.28596],
							"size": [1, 3, 1],
							"inflate": -0.2,
							"uv": {
								"north": {"uv": [22, 87], "uv_size": [1, 2]},
								"east": {"uv": [21, 87], "uv_size": [1, 2]},
								"south": {"uv": [24, 87], "uv_size": [1, 2]},
								"west": {"uv": [23, 87], "uv_size": [1, 2]},
								"up": {"uv": [22, 86], "uv_size": [1, 1]},
								"down": {"uv": [23, 87], "uv_size": [1, -1]}
							}
						},
						{
							"origin": [-4, 47.2851, 0.71404],
							"size": [8, 1, 8],
							"uv": {
								"north": {"uv": [8, 44], "uv_size": [8, 1]},
								"east": {"uv": [0, 44], "uv_size": [8, 1]},
								"south": {"uv": [24, 44], "uv_size": [8, 1]},
								"west": {"uv": [16, 44], "uv_size": [8, 1]},
								"up": {"uv": [8, 36], "uv_size": [8, 8]},
								"down": {"uv": [16, 44], "uv_size": [8, -8]}
							}
						}
					],
					"locators": {
						"teeth0": [0, 47, 0]
					}
				},
				{
					"name": "jaw",
					"parent": "head",
					"pivot": [0, 46.28509, 8.71404],
					"rotation": [10, 0, 0],
					"cubes": [
						{
							"origin": [-4, 45.66278, 7.39713],
							"size": [8, 1, 2],
							"uv": {
								"north": {"uv": [27, 26], "uv_size": [8, 1]},
								"east": {"uv": [25, 26], "uv_size": [2, 1]},
								"south": {"uv": [37, 26], "uv_size": [8, 1]},
								"west": {"uv": [35, 26], "uv_size": [2, 1]},
								"up": {"uv": [27, 24], "uv_size": [8, 2]},
								"down": {"uv": [35, 26], "uv_size": [8, -2]}
							}
						},
						{
							"origin": [-3, 45.66278, 0.39713],
							"size": [6, 1, 1],
							"uv": {
								"north": {"uv": [15, 47], "uv_size": [6, 1]},
								"east": {"uv": [14, 47], "uv_size": [1, 1]},
								"south": {"uv": [22, 47], "uv_size": [6, 1]},
								"west": {"uv": [21, 47], "uv_size": [1, 1]},
								"up": {"uv": [15, 46], "uv_size": [6, 1]},
								"down": {"uv": [21, 47], "uv_size": [6, -1]}
							}
						},
						{
							"origin": [-4, 45.66278, 1.39713],
							"size": [8, 1, 8],
							"uv": {
								"north": {"uv": [33, 36], "uv_size": [8, 1]},
								"east": {"uv": [25, 36], "uv_size": [8, 1]},
								"south": {"uv": [49, 36], "uv_size": [8, 1]},
								"west": {"uv": [41, 36], "uv_size": [8, 1]},
								"up": {"uv": [33, 28], "uv_size": [8, 8]},
								"down": {"uv": [41, 36], "uv_size": [8, -8]}
							}
						}
					]
				},
				{
					"name": "Ear",
					"parent": "head",
					"pivot": [-2.5, 53.0351, 6.71404],
					"cubes": [
						{
							"origin": [-2, 51.28509, 1.71404],
							"size": [3, 7, 1],
							"pivot": [0, 42.28509, 6.71404],
							"rotation": [-12.5, 0, -10],
							"uv": {
								"north": {"uv": [84, 25], "uv_size": [3, 7]},
								"east": {"uv": [83, 25], "uv_size": [1, 7]},
								"south": {"uv": [88, 25], "uv_size": [3, 7]},
								"west": {"uv": [87, 25], "uv_size": [1, 7]},
								"up": {"uv": [84, 24], "uv_size": [3, 1]},
								"down": {"uv": [87, 25], "uv_size": [3, -1]}
							}
						},
						{
							"origin": [-2, 57.2851, 10.71404],
							"size": [3, 8, 1],
							"pivot": [0, 42.28509, 6.71404],
							"rotation": [20, 0, -10],
							"uv": {
								"north": {"uv": [58, 81], "uv_size": [3, 8]},
								"east": {"uv": [57, 81], "uv_size": [1, 8]},
								"south": {"uv": [62, 81], "uv_size": [3, 8]},
								"west": {"uv": [61, 81], "uv_size": [1, 8]},
								"up": {"uv": [58, 80], "uv_size": [3, 1]},
								"down": {"uv": [61, 81], "uv_size": [3, -1]}
							}
						}
					]
				},
				{
					"name": "Ear2",
					"parent": "head",
					"pivot": [3.5, 55.03509, 6.71404],
					"cubes": [
						{
							"origin": [-1, 51.28509, 1.71404],
							"size": [3, 7, 1],
							"pivot": [0, 42.28509, 6.71404],
							"rotation": [-12.5, 0, 10],
							"uv": {
								"north": {"uv": [82, 61], "uv_size": [3, 7]},
								"east": {"uv": [81, 61], "uv_size": [1, 7]},
								"south": {"uv": [86, 61], "uv_size": [3, 7]},
								"west": {"uv": [85, 61], "uv_size": [1, 7]},
								"up": {"uv": [82, 60], "uv_size": [3, 1]},
								"down": {"uv": [85, 61], "uv_size": [3, -1]}
							}
						},
						{
							"origin": [-1, 57.28509, 10.71404],
							"size": [3, 8, 1],
							"pivot": [0, 42.28509, 6.71404],
							"rotation": [20, 0, 10],
							"uv": {
								"north": {"uv": [49, 81], "uv_size": [3, 8]},
								"east": {"uv": [48, 81], "uv_size": [1, 8]},
								"south": {"uv": [53, 81], "uv_size": [3, 8]},
								"west": {"uv": [52, 81], "uv_size": [1, 8]},
								"up": {"uv": [49, 80], "uv_size": [3, 1]},
								"down": {"uv": [52, 81], "uv_size": [3, -1]}
							}
						}
					]
				},
				{
					"name": "teeth0",
					"parent": "head",
					"pivot": [1, 46.28509, 6.71404],
					"cubes": [
						{
							"origin": [1, 47.28509, -0.28596],
							"size": [1, 2, 1],
							"inflate": -0.2,
							"uv": {
								"north": {"uv": [22, 87], "uv_size": [1, 2]},
								"east": {"uv": [21, 87], "uv_size": [1, 2]},
								"south": {"uv": [24, 87], "uv_size": [1, 2]},
								"west": {"uv": [23, 87], "uv_size": [1, 2]},
								"up": {"uv": [22, 86], "uv_size": [1, 1]},
								"down": {"uv": [23, 87], "uv_size": [1, -1]}
							}
						},
						{
							"origin": [-2, 47.28509, -0.28596],
							"size": [1, 2, 1],
							"inflate": -0.2,
							"uv": {
								"north": {"uv": [23, 87], "uv_size": [-1, 2]},
								"east": {"uv": [24, 87], "uv_size": [-1, 2]},
								"south": {"uv": [25, 87], "uv_size": [-1, 2]},
								"west": {"uv": [22, 87], "uv_size": [-1, 2]},
								"up": {"uv": [23, 86], "uv_size": [-1, 1]},
								"down": {"uv": [24, 87], "uv_size": [-1, -1]}
							}
						},
						{
							"origin": [-3, 47.28509, -0.28596],
							"size": [1, 2, 1],
							"inflate": -0.2,
							"uv": {
								"north": {"uv": [23, 87], "uv_size": [-1, 2]},
								"east": {"uv": [24, 87], "uv_size": [-1, 2]},
								"south": {"uv": [25, 87], "uv_size": [-1, 2]},
								"west": {"uv": [22, 87], "uv_size": [-1, 2]},
								"up": {"uv": [23, 86], "uv_size": [-1, 1]},
								"down": {"uv": [24, 87], "uv_size": [-1, -1]}
							}
						},
						{
							"origin": [2, 47.28509, -0.28596],
							"size": [1, 2, 1],
							"inflate": -0.2,
							"uv": {
								"north": {"uv": [22, 87], "uv_size": [1, 2]},
								"east": {"uv": [21, 87], "uv_size": [1, 2]},
								"south": {"uv": [24, 87], "uv_size": [1, 2]},
								"west": {"uv": [23, 87], "uv_size": [1, 2]},
								"up": {"uv": [22, 86], "uv_size": [1, 1]},
								"down": {"uv": [23, 87], "uv_size": [1, -1]}
							}
						},
						{
							"origin": [3, 47.28509, 0.71404],
							"size": [1, 2, 1],
							"inflate": -0.2,
							"uv": {
								"north": {"uv": [22, 87], "uv_size": [1, 2]},
								"east": {"uv": [21, 87], "uv_size": [1, 2]},
								"south": {"uv": [24, 87], "uv_size": [1, 2]},
								"west": {"uv": [23, 87], "uv_size": [1, 2]},
								"up": {"uv": [22, 86], "uv_size": [1, 1]},
								"down": {"uv": [23, 87], "uv_size": [1, -1]}
							}
						},
						{
							"origin": [-4, 47.28509, 0.71404],
							"size": [1, 2, 1],
							"inflate": -0.2,
							"uv": {
								"north": {"uv": [23, 87], "uv_size": [-1, 2]},
								"east": {"uv": [24, 87], "uv_size": [-1, 2]},
								"south": {"uv": [25, 87], "uv_size": [-1, 2]},
								"west": {"uv": [22, 87], "uv_size": [-1, 2]},
								"up": {"uv": [23, 86], "uv_size": [-1, 1]},
								"down": {"uv": [24, 87], "uv_size": [-1, -1]}
							}
						},
						{
							"origin": [-4, 47.28509, 1.71404],
							"size": [1, 2, 1],
							"inflate": -0.2,
							"uv": {
								"north": {"uv": [23, 87], "uv_size": [-1, 2]},
								"east": {"uv": [24, 87], "uv_size": [-1, 2]},
								"south": {"uv": [25, 87], "uv_size": [-1, 2]},
								"west": {"uv": [22, 87], "uv_size": [-1, 2]},
								"up": {"uv": [23, 86], "uv_size": [-1, 1]},
								"down": {"uv": [24, 87], "uv_size": [-1, -1]}
							}
						},
						{
							"origin": [3, 47.28509, 1.71404],
							"size": [1, 2, 1],
							"inflate": -0.2,
							"uv": {
								"north": {"uv": [22, 87], "uv_size": [1, 2]},
								"east": {"uv": [21, 87], "uv_size": [1, 2]},
								"south": {"uv": [24, 87], "uv_size": [1, 2]},
								"west": {"uv": [23, 87], "uv_size": [1, 2]},
								"up": {"uv": [22, 86], "uv_size": [1, 1]},
								"down": {"uv": [23, 87], "uv_size": [1, -1]}
							}
						},
						{
							"origin": [3, 47.28509, 2.71404],
							"size": [1, 2, 1],
							"inflate": -0.2,
							"uv": {
								"north": {"uv": [22, 87], "uv_size": [1, 2]},
								"east": {"uv": [21, 87], "uv_size": [1, 2]},
								"south": {"uv": [24, 87], "uv_size": [1, 2]},
								"west": {"uv": [23, 87], "uv_size": [1, 2]},
								"up": {"uv": [22, 86], "uv_size": [1, 1]},
								"down": {"uv": [23, 87], "uv_size": [1, -1]}
							}
						},
						{
							"origin": [-4, 47.28509, 2.71404],
							"size": [1, 2, 1],
							"inflate": -0.2,
							"uv": {
								"north": {"uv": [23, 87], "uv_size": [-1, 2]},
								"east": {"uv": [24, 87], "uv_size": [-1, 2]},
								"south": {"uv": [25, 87], "uv_size": [-1, 2]},
								"west": {"uv": [22, 87], "uv_size": [-1, 2]},
								"up": {"uv": [23, 86], "uv_size": [-1, 1]},
								"down": {"uv": [24, 87], "uv_size": [-1, -1]}
							}
						}
					]
				},
				{
					"name": "rightarm",
					"parent": "body",
					"pivot": [-5, 40.28509, 5.71404],
					"cubes": [
						{
							"origin": [-12, 26.24449, 4.40565],
							"size": [3, 11, 3],
							"pivot": [0, 26.24449, 7.40565],
							"rotation": [0, 0, 27.5],
							"uv": {
								"north": {"uv": [3, 68], "uv_size": [3, 11]},
								"east": {"uv": [0, 68], "uv_size": [3, 11]},
								"south": {"uv": [9, 68], "uv_size": [3, 11]},
								"west": {"uv": [6, 68], "uv_size": [3, 11]},
								"up": {"uv": [3, 65], "uv_size": [3, 3]},
								"down": {"uv": [6, 68], "uv_size": [3, -3]}
							}
						}
					]
				},
				{
					"name": "rightelbow",
					"parent": "rightarm",
					"pivot": [-9, 32.24449, 5.40565],
					"cubes": [
						{
							"origin": [-10, 21.39465, 3.16055],
							"size": [2, 11, 3],
							"pivot": [0, 25.39465, 7.16055],
							"rotation": [-10, 0, 0],
							"uv": {
								"north": {"uv": [29, 74], "uv_size": [2, 11]},
								"east": {"uv": [26, 74], "uv_size": [3, 11]},
								"south": {"uv": [34, 74], "uv_size": [2, 11]},
								"west": {"uv": [31, 74], "uv_size": [3, 11]},
								"up": {"uv": [29, 71], "uv_size": [2, 3]},
								"down": {"uv": [31, 74], "uv_size": [2, -3]}
							}
						},
						{
							"origin": [-10, 18.3946, 3.16055],
							"size": [2, 4, 3],
							"inflate": 0.1,
							"pivot": [0, 25.39465, 7.16055],
							"rotation": [-10, 0, 0],
							"uv": {
								"north": {"uv": [3, 83], "uv_size": [2, 4]},
								"east": {"uv": [0, 83], "uv_size": [3, 4]},
								"south": {"uv": [8, 83], "uv_size": [2, 4]},
								"west": {"uv": [5, 83], "uv_size": [3, 4]},
								"up": {"uv": [3, 80], "uv_size": [2, 3]},
								"down": {"uv": [5, 83], "uv_size": [2, -3]}
							}
						},
						{
							"origin": [-10, 15.39465, 5.16055],
							"size": [1, 4, 1],
							"inflate": -0.1,
							"pivot": [0, 25.39465, 7.16055],
							"rotation": [-10, 0, 0],
							"uv": {
								"north": {"uv": [20, 50], "uv_size": [1, 4]},
								"east": {"uv": [19, 50], "uv_size": [1, 4]},
								"south": {"uv": [22, 50], "uv_size": [1, 4]},
								"west": {"uv": [21, 50], "uv_size": [1, 4]},
								"up": {"uv": [20, 49], "uv_size": [1, 1]},
								"down": {"uv": [21, 50], "uv_size": [1, -1]}
							}
						},
						{
							"origin": [-10, 15.39465, 4.16055],
							"size": [1, 4, 1],
							"inflate": -0.1,
							"pivot": [0, 25.39465, 7.16055],
							"rotation": [-10, 0, 0],
							"uv": {
								"north": {"uv": [1, 37], "uv_size": [1, 4]},
								"east": {"uv": [0, 37], "uv_size": [1, 4]},
								"south": {"uv": [3, 37], "uv_size": [1, 4]},
								"west": {"uv": [2, 37], "uv_size": [1, 4]},
								"up": {"uv": [1, 36], "uv_size": [1, 1]},
								"down": {"uv": [2, 37], "uv_size": [1, -1]}
							}
						},
						{
							"origin": [-10, 15.3947, 3.16055],
							"size": [1, 4, 1],
							"inflate": -0.1,
							"pivot": [0, 25.39465, 7.16055],
							"rotation": [-10, 0, 0],
							"uv": {
								"north": {"uv": [1, 22], "uv_size": [1, 4]},
								"east": {"uv": [0, 22], "uv_size": [1, 4]},
								"south": {"uv": [3, 22], "uv_size": [1, 4]},
								"west": {"uv": [2, 22], "uv_size": [1, 4]},
								"up": {"uv": [1, 21], "uv_size": [1, 1]},
								"down": {"uv": [2, 22], "uv_size": [1, -1]}
							}
						},
						{
							"origin": [-10, 20.39465, 2.16055],
							"size": [1, 2, 1],
							"inflate": -0.1,
							"pivot": [0, 25.39465, 7.16055],
							"rotation": [-10, 0, -17.5],
							"uv": {
								"north": {"uv": [51, 13], "uv_size": [1, 2]},
								"east": {"uv": [50, 13], "uv_size": [1, 2]},
								"south": {"uv": [53, 13], "uv_size": [1, 2]},
								"west": {"uv": [52, 13], "uv_size": [1, 2]},
								"up": {"uv": [51, 12], "uv_size": [1, 1]},
								"down": {"uv": [52, 13], "uv_size": [1, -1]}
							}
						},
						{
							"origin": [-10, 18.39465, 2.16055],
							"size": [1, 3, 1],
							"inflate": -0.3,
							"pivot": [0, 25.39465, 7.16055],
							"rotation": [-10, 0, -17.5],
							"uv": {
								"north": {"uv": [1, 1], "uv_size": [1, 3]},
								"east": {"uv": [0, 1], "uv_size": [1, 3]},
								"south": {"uv": [3, 1], "uv_size": [1, 3]},
								"west": {"uv": [2, 1], "uv_size": [1, 3]},
								"up": {"uv": [1, 0], "uv_size": [1, 1]},
								"down": {"uv": [2, 1], "uv_size": [1, -1]}
							}
						},
						{
							"origin": [-10, 15.39465, 5.16055],
							"size": [2, 1, 1],
							"inflate": -0.1,
							"pivot": [0, 25.39465, 7.16055],
							"rotation": [-10, 0, 0],
							"uv": {
								"north": {"uv": [66, 17], "uv_size": [2, 1]},
								"east": {"uv": [65, 17], "uv_size": [1, 1]},
								"south": {"uv": [69, 17], "uv_size": [2, 1]},
								"west": {"uv": [68, 17], "uv_size": [1, 1]},
								"up": {"uv": [66, 16], "uv_size": [2, 1]},
								"down": {"uv": [68, 17], "uv_size": [2, -1]}
							}
						},
						{
							"origin": [-10, 15.39465, 4.16055],
							"size": [2, 1, 1],
							"inflate": -0.1,
							"pivot": [0, 25.39465, 7.16055],
							"rotation": [-10, 0, 0],
							"uv": {
								"north": {"uv": [47, 25], "uv_size": [2, 1]},
								"east": {"uv": [46, 25], "uv_size": [1, 1]},
								"south": {"uv": [50, 25], "uv_size": [2, 1]},
								"west": {"uv": [49, 25], "uv_size": [1, 1]},
								"up": {"uv": [47, 24], "uv_size": [2, 1]},
								"down": {"uv": [49, 25], "uv_size": [2, -1]}
							}
						},
						{
							"origin": [-10, 15.39465, 3.16055],
							"size": [2, 1, 1],
							"inflate": -0.1,
							"pivot": [0, 25.39465, 7.16055],
							"rotation": [-10, 0, 0],
							"uv": {
								"north": {"uv": [26, 42], "uv_size": [2, 1]},
								"east": {"uv": [25, 42], "uv_size": [1, 1]},
								"south": {"uv": [29, 42], "uv_size": [2, 1]},
								"west": {"uv": [28, 42], "uv_size": [1, 1]},
								"up": {"uv": [26, 41], "uv_size": [2, 1]},
								"down": {"uv": [28, 42], "uv_size": [2, -1]}
							}
						},
						{
							"origin": [-9, 15.39465, 5.16055],
							"size": [3, 1, 1],
							"inflate": -0.3,
							"pivot": [0, 25.39465, 7.16055],
							"rotation": [-10, 0, 0],
							"uv": {
								"north": {"uv": [11, 66], "uv_size": [3, 1]},
								"east": {"uv": [10, 66], "uv_size": [1, 1]},
								"south": {"uv": [15, 66], "uv_size": [3, 1]},
								"west": {"uv": [14, 66], "uv_size": [1, 1]},
								"up": {"uv": [11, 65], "uv_size": [3, 1]},
								"down": {"uv": [14, 66], "uv_size": [3, -1]}
							}
						},
						{
							"origin": [-9, 15.39465, 4.16055],
							"size": [3, 1, 1],
							"inflate": -0.3,
							"pivot": [0, 25.39465, 7.16055],
							"rotation": [-10, 0, 0],
							"uv": {
								"north": {"uv": [50, 65], "uv_size": [3, 1]},
								"east": {"uv": [49, 65], "uv_size": [1, 1]},
								"south": {"uv": [54, 65], "uv_size": [3, 1]},
								"west": {"uv": [53, 65], "uv_size": [1, 1]},
								"up": {"uv": [50, 64], "uv_size": [3, 1]},
								"down": {"uv": [53, 65], "uv_size": [3, -1]}
							}
						},
						{
							"origin": [-9, 15.39465, 3.16055],
							"size": [3, 1, 1],
							"inflate": -0.3,
							"pivot": [0, 25.39465, 7.16055],
							"rotation": [-10, 0, 0],
							"uv": {
								"north": {"uv": [48, 39], "uv_size": [3, 1]},
								"east": {"uv": [47, 39], "uv_size": [1, 1]},
								"south": {"uv": [52, 39], "uv_size": [3, 1]},
								"west": {"uv": [51, 39], "uv_size": [1, 1]},
								"up": {"uv": [48, 38], "uv_size": [3, 1]},
								"down": {"uv": [51, 39], "uv_size": [3, -1]}
							}
						}
					]
				},
				{
					"name": "leftarm",
					"parent": "body",
					"pivot": [5, 40.28509, 5.71404],
					"cubes": [
						{
							"origin": [9, 26.24449, 4.40565],
							"size": [3, 11, 3],
							"pivot": [0, 26.24449, 7.40565],
							"rotation": [0, 0, -27.5],
							"uv": {
								"north": {"uv": [6, 68], "uv_size": [-3, 11]},
								"east": {"uv": [9, 68], "uv_size": [-3, 11]},
								"south": {"uv": [12, 68], "uv_size": [-3, 11]},
								"west": {"uv": [3, 68], "uv_size": [-3, 11]},
								"up": {"uv": [6, 65], "uv_size": [-3, 3]},
								"down": {"uv": [9, 68], "uv_size": [-3, -3]}
							}
						}
					]
				},
				{
					"name": "leftelbow",
					"parent": "leftarm",
					"pivot": [9, 32.24449, 5.40565],
					"cubes": [
						{
							"origin": [8, 21.39465, 3.16055],
							"size": [2, 11, 3],
							"pivot": [0, 25.39465, 7.16055],
							"rotation": [-10, 0, 0],
							"uv": {
								"north": {"uv": [31, 74], "uv_size": [-2, 11]},
								"east": {"uv": [34, 74], "uv_size": [-3, 11]},
								"south": {"uv": [36, 74], "uv_size": [-2, 11]},
								"west": {"uv": [29, 74], "uv_size": [-3, 11]},
								"up": {"uv": [31, 71], "uv_size": [-2, 3]},
								"down": {"uv": [33, 74], "uv_size": [-2, -3]}
							}
						},
						{
							"origin": [8, 18.3946, 3.16055],
							"size": [2, 4, 3],
							"inflate": 0.1,
							"pivot": [0, 25.39465, 7.16055],
							"rotation": [-10, 0, 0],
							"uv": {
								"north": {"uv": [5, 83], "uv_size": [-2, 4]},
								"east": {"uv": [8, 83], "uv_size": [-3, 4]},
								"south": {"uv": [10, 83], "uv_size": [-2, 4]},
								"west": {"uv": [3, 83], "uv_size": [-3, 4]},
								"up": {"uv": [5, 80], "uv_size": [-2, 3]},
								"down": {"uv": [7, 83], "uv_size": [-2, -3]}
							}
						},
						{
							"origin": [9, 15.39465, 5.16055],
							"size": [1, 4, 1],
							"inflate": -0.1,
							"pivot": [0, 25.39465, 7.16055],
							"rotation": [-10, 0, 0],
							"uv": {
								"north": {"uv": [21, 50], "uv_size": [-1, 4]},
								"east": {"uv": [22, 50], "uv_size": [-1, 4]},
								"south": {"uv": [23, 50], "uv_size": [-1, 4]},
								"west": {"uv": [20, 50], "uv_size": [-1, 4]},
								"up": {"uv": [21, 49], "uv_size": [-1, 1]},
								"down": {"uv": [22, 50], "uv_size": [-1, -1]}
							}
						},
						{
							"origin": [9, 15.39465, 4.16055],
							"size": [1, 4, 1],
							"inflate": -0.1,
							"pivot": [0, 25.39465, 7.16055],
							"rotation": [-10, 0, 0],
							"uv": {
								"north": {"uv": [2, 37], "uv_size": [-1, 4]},
								"east": {"uv": [3, 37], "uv_size": [-1, 4]},
								"south": {"uv": [4, 37], "uv_size": [-1, 4]},
								"west": {"uv": [1, 37], "uv_size": [-1, 4]},
								"up": {"uv": [2, 36], "uv_size": [-1, 1]},
								"down": {"uv": [3, 37], "uv_size": [-1, -1]}
							}
						},
						{
							"origin": [9, 15.3947, 3.16055],
							"size": [1, 4, 1],
							"inflate": -0.1,
							"pivot": [0, 25.39465, 7.16055],
							"rotation": [-10, 0, 0],
							"uv": {
								"north": {"uv": [2, 22], "uv_size": [-1, 4]},
								"east": {"uv": [3, 22], "uv_size": [-1, 4]},
								"south": {"uv": [4, 22], "uv_size": [-1, 4]},
								"west": {"uv": [1, 22], "uv_size": [-1, 4]},
								"up": {"uv": [2, 21], "uv_size": [-1, 1]},
								"down": {"uv": [3, 22], "uv_size": [-1, -1]}
							}
						},
						{
							"origin": [9, 20.39465, 2.16055],
							"size": [1, 2, 1],
							"inflate": -0.1,
							"pivot": [0, 25.39465, 7.16055],
							"rotation": [-10, 0, 17.5],
							"uv": {
								"north": {"uv": [52, 13], "uv_size": [-1, 2]},
								"east": {"uv": [53, 13], "uv_size": [-1, 2]},
								"south": {"uv": [54, 13], "uv_size": [-1, 2]},
								"west": {"uv": [51, 13], "uv_size": [-1, 2]},
								"up": {"uv": [52, 12], "uv_size": [-1, 1]},
								"down": {"uv": [53, 13], "uv_size": [-1, -1]}
							}
						},
						{
							"origin": [9, 18.39465, 2.16055],
							"size": [1, 3, 1],
							"inflate": -0.3,
							"pivot": [0, 25.39465, 7.16055],
							"rotation": [-10, 0, 17.5],
							"uv": {
								"north": {"uv": [2, 1], "uv_size": [-1, 3]},
								"east": {"uv": [3, 1], "uv_size": [-1, 3]},
								"south": {"uv": [4, 1], "uv_size": [-1, 3]},
								"west": {"uv": [1, 1], "uv_size": [-1, 3]},
								"up": {"uv": [2, 0], "uv_size": [-1, 1]},
								"down": {"uv": [3, 1], "uv_size": [-1, -1]}
							}
						},
						{
							"origin": [8, 15.39465, 5.16055],
							"size": [2, 1, 1],
							"inflate": -0.1,
							"pivot": [0, 25.39465, 7.16055],
							"rotation": [-10, 0, 0],
							"uv": {
								"north": {"uv": [68, 17], "uv_size": [-2, 1]},
								"east": {"uv": [69, 17], "uv_size": [-1, 1]},
								"south": {"uv": [71, 17], "uv_size": [-2, 1]},
								"west": {"uv": [66, 17], "uv_size": [-1, 1]},
								"up": {"uv": [68, 16], "uv_size": [-2, 1]},
								"down": {"uv": [70, 17], "uv_size": [-2, -1]}
							}
						},
						{
							"origin": [8, 15.39465, 4.16055],
							"size": [2, 1, 1],
							"inflate": -0.1,
							"pivot": [0, 25.39465, 7.16055],
							"rotation": [-10, 0, 0],
							"uv": {
								"north": {"uv": [49, 25], "uv_size": [-2, 1]},
								"east": {"uv": [50, 25], "uv_size": [-1, 1]},
								"south": {"uv": [52, 25], "uv_size": [-2, 1]},
								"west": {"uv": [47, 25], "uv_size": [-1, 1]},
								"up": {"uv": [49, 24], "uv_size": [-2, 1]},
								"down": {"uv": [51, 25], "uv_size": [-2, -1]}
							}
						},
						{
							"origin": [8, 15.39465, 3.16055],
							"size": [2, 1, 1],
							"inflate": -0.1,
							"pivot": [0, 25.39465, 7.16055],
							"rotation": [-10, 0, 0],
							"uv": {
								"north": {"uv": [28, 42], "uv_size": [-2, 1]},
								"east": {"uv": [29, 42], "uv_size": [-1, 1]},
								"south": {"uv": [31, 42], "uv_size": [-2, 1]},
								"west": {"uv": [26, 42], "uv_size": [-1, 1]},
								"up": {"uv": [28, 41], "uv_size": [-2, 1]},
								"down": {"uv": [30, 42], "uv_size": [-2, -1]}
							}
						},
						{
							"origin": [6, 15.39465, 5.16055],
							"size": [3, 1, 1],
							"inflate": -0.3,
							"pivot": [0, 25.39465, 7.16055],
							"rotation": [-10, 0, 0],
							"uv": {
								"north": {"uv": [14, 66], "uv_size": [-3, 1]},
								"east": {"uv": [15, 66], "uv_size": [-1, 1]},
								"south": {"uv": [18, 66], "uv_size": [-3, 1]},
								"west": {"uv": [11, 66], "uv_size": [-1, 1]},
								"up": {"uv": [14, 65], "uv_size": [-3, 1]},
								"down": {"uv": [17, 66], "uv_size": [-3, -1]}
							}
						},
						{
							"origin": [6, 15.39465, 4.16055],
							"size": [3, 1, 1],
							"inflate": -0.3,
							"pivot": [0, 25.39465, 7.16055],
							"rotation": [-10, 0, 0],
							"uv": {
								"north": {"uv": [53, 65], "uv_size": [-3, 1]},
								"east": {"uv": [54, 65], "uv_size": [-1, 1]},
								"south": {"uv": [57, 65], "uv_size": [-3, 1]},
								"west": {"uv": [50, 65], "uv_size": [-1, 1]},
								"up": {"uv": [53, 64], "uv_size": [-3, 1]},
								"down": {"uv": [56, 65], "uv_size": [-3, -1]}
							}
						},
						{
							"origin": [6, 15.39465, 3.16055],
							"size": [3, 1, 1],
							"inflate": -0.3,
							"pivot": [0, 25.39465, 7.16055],
							"rotation": [-10, 0, 0],
							"uv": {
								"north": {"uv": [51, 39], "uv_size": [-3, 1]},
								"east": {"uv": [52, 39], "uv_size": [-1, 1]},
								"south": {"uv": [55, 39], "uv_size": [-3, 1]},
								"west": {"uv": [48, 39], "uv_size": [-1, 1]},
								"up": {"uv": [51, 38], "uv_size": [-3, 1]},
								"down": {"uv": [54, 39], "uv_size": [-3, -1]}
							}
						}
					]
				},
				{
					"name": "leftleg",
					"parent": "all",
					"pivot": [3, 25, 4],
					"cubes": [
						{
							"origin": [1, 11, 3],
							"size": [4, 13, 5],
							"inflate": 0.1,
							"pivot": [0, 28, 6],
							"rotation": [-15, 0, 0],
							"uv": {
								"north": {"uv": [38, 43], "uv_size": [4, 13]},
								"east": {"uv": [33, 43], "uv_size": [5, 13]},
								"south": {"uv": [47, 43], "uv_size": [4, 13]},
								"west": {"uv": [42, 43], "uv_size": [5, 13]},
								"up": {"uv": [38, 38], "uv_size": [4, 5]},
								"down": {"uv": [42, 43], "uv_size": [4, -5]}
							}
						}
					]
				},
				{
					"name": "leftknee",
					"parent": "leftleg",
					"pivot": [3, 13, 2],
					"cubes": [
						{
							"origin": [1, 3, -1],
							"size": [4, 10, 5],
							"inflate": 0.1,
							"uv": {
								"north": {"uv": [58, 24], "uv_size": [4, 10]},
								"east": {"uv": [53, 24], "uv_size": [5, 10]},
								"south": {"uv": [67, 24], "uv_size": [4, 10]},
								"west": {"uv": [62, 24], "uv_size": [5, 10]},
								"up": {"uv": [58, 19], "uv_size": [4, 5]},
								"down": {"uv": [62, 24], "uv_size": [4, -5]}
							}
						},
						{
							"origin": [1, 0, -3],
							"size": [4, 3, 7],
							"uv": {
								"north": {"uv": [62, 12], "uv_size": [4, 3]},
								"east": {"uv": [55, 12], "uv_size": [7, 3]},
								"south": {"uv": [73, 12], "uv_size": [4, 3]},
								"west": {"uv": [66, 12], "uv_size": [7, 3]},
								"up": {"uv": [62, 5], "uv_size": [4, 7]},
								"down": {"uv": [66, 12], "uv_size": [4, -7]}
							}
						},
						{
							"origin": [1, 0, -6],
							"size": [4, 3, 4],
							"inflate": -0.3,
							"uv": {
								"north": {"uv": [76, 51], "uv_size": [4, 3]},
								"east": {"uv": [72, 51], "uv_size": [4, 3]},
								"south": {"uv": [84, 51], "uv_size": [4, 3]},
								"west": {"uv": [80, 51], "uv_size": [4, 3]},
								"up": {"uv": [76, 47], "uv_size": [4, 4]},
								"down": {"uv": [80, 51], "uv_size": [4, -4]}
							}
						}
					]
				},
				{
					"name": "rightleg",
					"parent": "all",
					"pivot": [-3, 25, 4],
					"cubes": [
						{
							"origin": [-5, 11, 3],
							"size": [4, 13, 5],
							"inflate": 0.1,
							"pivot": [0, 28, 6],
							"rotation": [-15, 0, 0],
							"uv": {
								"north": {"uv": [42, 43], "uv_size": [-4, 13]},
								"east": {"uv": [47, 43], "uv_size": [-5, 13]},
								"south": {"uv": [51, 43], "uv_size": [-4, 13]},
								"west": {"uv": [38, 43], "uv_size": [-5, 13]},
								"up": {"uv": [42, 38], "uv_size": [-4, 5]},
								"down": {"uv": [46, 43], "uv_size": [-4, -5]}
							}
						}
					]
				},
				{
					"name": "rightknee",
					"parent": "rightleg",
					"pivot": [-3, 13, 2],
					"cubes": [
						{
							"origin": [-5, 3, -1],
							"size": [4, 10, 5],
							"inflate": 0.1,
							"uv": {
								"north": {"uv": [62, 24], "uv_size": [-4, 10]},
								"east": {"uv": [67, 24], "uv_size": [-5, 10]},
								"south": {"uv": [71, 24], "uv_size": [-4, 10]},
								"west": {"uv": [58, 24], "uv_size": [-5, 10]},
								"up": {"uv": [62, 19], "uv_size": [-4, 5]},
								"down": {"uv": [66, 24], "uv_size": [-4, -5]}
							}
						},
						{
							"origin": [-5, 0, -3],
							"size": [4, 3, 7],
							"uv": {
								"north": {"uv": [66, 12], "uv_size": [-4, 3]},
								"east": {"uv": [73, 12], "uv_size": [-7, 3]},
								"south": {"uv": [77, 12], "uv_size": [-4, 3]},
								"west": {"uv": [62, 12], "uv_size": [-7, 3]},
								"up": {"uv": [66, 5], "uv_size": [-4, 7]},
								"down": {"uv": [70, 12], "uv_size": [-4, -7]}
							}
						},
						{
							"origin": [-5, 0, -6],
							"size": [4, 3, 4],
							"inflate": -0.3,
							"uv": {
								"north": {"uv": [80, 51], "uv_size": [-4, 3]},
								"east": {"uv": [84, 51], "uv_size": [-4, 3]},
								"south": {"uv": [88, 51], "uv_size": [-4, 3]},
								"west": {"uv": [76, 51], "uv_size": [-4, 3]},
								"up": {"uv": [80, 47], "uv_size": [-4, 4]},
								"down": {"uv": [84, 51], "uv_size": [-4, -4]}
							}
						}
					]
				}
			]
		}
	]
}