{
	"format_version": "1.12.0",
	"minecraft:geometry": [
		{
			"description": {
				"identifier": "geometry.hopp_plush",
				"texture_width": 128,
				"texture_height": 128,
				"visible_bounds_width": 3,
				"visible_bounds_height": 3.5,
				"visible_bounds_offset": [0, 1.25, 0]
			},
			"bones": [
				{
					"name": "all",
					"pivot": [0, 14, 6],
					"rotation": [-17.5, 0, 0]
				},
				{
					"name": "leftleg",
					"parent": "all",
					"pivot": [-2, 1, 5],
					"rotation": [17.19212, 28.87909, 8.49878],
					"cubes": [
						{
							"origin": [-4, -1, -6],
							"size": [4, 4, 11],
							"inflate": 0.2,
							"uv": {
								"north": {"uv": [31, 30], "uv_size": [4, 4]},
								"east": {"uv": [20, 30], "uv_size": [11, 4]},
								"south": {"uv": [46, 30], "uv_size": [4, 4]},
								"west": {"uv": [35, 30], "uv_size": [11, 4]},
								"up": {"uv": [31, 19], "uv_size": [4, 11]},
								"down": {"uv": [35, 30], "uv_size": [4, -11]}
							}
						},
						{
							"origin": [-4, -1, -9],
							"size": [4, 4, 3],
							"inflate": -0.1,
							"uv": {
								"north": {"uv": [68, 3], "uv_size": [4, 4]},
								"east": {"uv": [65, 3], "uv_size": [3, 4]},
								"south": {"uv": [75, 3], "uv_size": [4, 4]},
								"west": {"uv": [72, 3], "uv_size": [3, 4]},
								"up": {"uv": [68, 0], "uv_size": [4, 3]},
								"down": {"uv": [72, 3], "uv_size": [4, -3]}
							}
						}
					]
				},
				{
					"name": "rightleg",
					"parent": "all",
					"pivot": [2, 1, 5],
					"rotation": [17.19212, -28.87909, -8.49878],
					"cubes": [
						{
							"origin": [0, -1, -6],
							"size": [4, 4, 11],
							"inflate": 0.2,
							"uv": {
								"north": {"uv": [35, 30], "uv_size": [-4, 4]},
								"east": {"uv": [46, 30], "uv_size": [-11, 4]},
								"south": {"uv": [50, 30], "uv_size": [-4, 4]},
								"west": {"uv": [31, 30], "uv_size": [-11, 4]},
								"up": {"uv": [35, 19], "uv_size": [-4, 11]},
								"down": {"uv": [39, 30], "uv_size": [-4, -11]}
							}
						},
						{
							"origin": [0, -1, -9],
							"size": [4, 4, 3],
							"inflate": -0.1,
							"uv": {
								"north": {"uv": [72, 3], "uv_size": [-4, 4]},
								"east": {"uv": [75, 3], "uv_size": [-3, 4]},
								"south": {"uv": [79, 3], "uv_size": [-4, 4]},
								"west": {"uv": [68, 3], "uv_size": [-3, 4]},
								"up": {"uv": [72, 0], "uv_size": [-4, 3]},
								"down": {"uv": [76, 3], "uv_size": [-4, -3]}
							}
						}
					]
				},
				{
					"name": "hip",
					"parent": "all",
					"pivot": [0, 2, 5],
					"rotation": [15, 0, 0],
					"cubes": [
						{
							"origin": [-3, 12, 2],
							"size": [6, 1, 6],
							"uv": {
								"north": {"uv": [29, 52], "uv_size": [6, 1]},
								"east": {"uv": [23, 52], "uv_size": [6, 1]},
								"south": {"uv": [41, 52], "uv_size": [6, 1]},
								"west": {"uv": [35, 52], "uv_size": [6, 1]},
								"up": {"uv": [29, 46], "uv_size": [6, 6]},
								"down": {"uv": [35, 52], "uv_size": [6, -6]}
							}
						},
						{
							"origin": [-2, 10, 1],
							"size": [4, 2, 1],
							"inflate": -0.2,
							"uv": {
								"north": {"uv": [21, 20], "uv_size": [4, 2]},
								"east": {"uv": [20, 20], "uv_size": [1, 2]},
								"south": {"uv": [26, 20], "uv_size": [4, 2]},
								"west": {"uv": [25, 20], "uv_size": [1, 2]},
								"up": {"uv": [21, 19], "uv_size": [4, 1]},
								"down": {"uv": [25, 20], "uv_size": [4, -1]}
							}
						},
						{
							"origin": [-4, -1, 2],
							"size": [8, 4, 6],
							"inflate": 0.2,
							"uv": {
								"north": {"uv": [46, 25], "uv_size": [8, 4]},
								"east": {"uv": [40, 25], "uv_size": [6, 4]},
								"south": {"uv": [60, 25], "uv_size": [8, 4]},
								"west": {"uv": [54, 25], "uv_size": [6, 4]},
								"up": {"uv": [46, 19], "uv_size": [8, 6]},
								"down": {"uv": [54, 25], "uv_size": [8, -6]}
							}
						}
					]
				},
				{
					"name": "body",
					"parent": "hip",
					"pivot": [0, 14, 6],
					"cubes": [
						{
							"origin": [-4, 2, 2],
							"size": [8, 10, 6],
							"uv": {
								"north": {"uv": [6, 41], "uv_size": [8, 10]},
								"east": {"uv": [0, 41], "uv_size": [6, 10]},
								"south": {"uv": [20, 41], "uv_size": [8, 10]},
								"west": {"uv": [14, 41], "uv_size": [6, 10]},
								"up": {"uv": [6, 35], "uv_size": [8, 6]},
								"down": {"uv": [14, 41], "uv_size": [8, -6]}
							}
						},
						{
							"origin": [1, 10, 1],
							"size": [4, 2, 1],
							"inflate": 0.1,
							"uv": {
								"north": {"uv": [1, 19], "uv_size": [4, 2]},
								"east": {"uv": [0, 19], "uv_size": [1, 2]},
								"south": {"uv": [6, 19], "uv_size": [4, 2]},
								"west": {"uv": [5, 19], "uv_size": [1, 2]},
								"up": {"uv": [1, 18], "uv_size": [4, 1]},
								"down": {"uv": [5, 19], "uv_size": [4, -1]}
							}
						},
						{
							"origin": [-5, 10, 1],
							"size": [4, 2, 1],
							"inflate": 0.1,
							"uv": {
								"north": {"uv": [1, 15], "uv_size": [4, 2]},
								"east": {"uv": [0, 15], "uv_size": [1, 2]},
								"south": {"uv": [6, 15], "uv_size": [4, 2]},
								"west": {"uv": [5, 15], "uv_size": [1, 2]},
								"up": {"uv": [1, 14], "uv_size": [4, 1]},
								"down": {"uv": [5, 15], "uv_size": [4, -1]}
							}
						}
					]
				},
				{
					"name": "rightarm",
					"parent": "hip",
					"pivot": [-2, 11, 5],
					"cubes": [
						{
							"origin": [-1, 0, 3],
							"size": [4, 10, 4],
							"pivot": [0, 14, 6],
							"rotation": [0, 0, 50],
							"uv": {
								"north": {"uv": [4, 56], "uv_size": [4, 10]},
								"east": {"uv": [0, 56], "uv_size": [4, 10]},
								"south": {"uv": [12, 56], "uv_size": [4, 10]},
								"west": {"uv": [8, 56], "uv_size": [4, 10]},
								"up": {"uv": [4, 52], "uv_size": [4, 4]},
								"down": {"uv": [8, 56], "uv_size": [4, -4]}
							}
						},
						{
							"origin": [-1, -3, 3],
							"size": [4, 4, 4],
							"inflate": -0.2,
							"pivot": [0, 14, 6],
							"rotation": [0, 0, 50],
							"uv": {
								"north": {"uv": [51, 65], "uv_size": [4, 4]},
								"east": {"uv": [47, 65], "uv_size": [4, 4]},
								"south": {"uv": [59, 65], "uv_size": [4, 4]},
								"west": {"uv": [55, 65], "uv_size": [4, 4]},
								"up": {"uv": [51, 61], "uv_size": [4, 4]},
								"down": {"uv": [55, 65], "uv_size": [4, -4]}
							}
						}
					]
				},
				{
					"name": "leftarm",
					"parent": "hip",
					"pivot": [2, 11, 5],
					"cubes": [
						{
							"origin": [-3, 0, 3],
							"size": [4, 10, 4],
							"pivot": [0, 14, 6],
							"rotation": [0, 0, -50],
							"uv": {
								"north": {"uv": [8, 56], "uv_size": [-4, 10]},
								"east": {"uv": [12, 56], "uv_size": [-4, 10]},
								"south": {"uv": [16, 56], "uv_size": [-4, 10]},
								"west": {"uv": [4, 56], "uv_size": [-4, 10]},
								"up": {"uv": [8, 52], "uv_size": [-4, 4]},
								"down": {"uv": [12, 56], "uv_size": [-4, -4]}
							}
						},
						{
							"origin": [-3, -3, 3],
							"size": [4, 4, 4],
							"inflate": -0.2,
							"pivot": [0, 14, 6],
							"rotation": [0, 0, -50],
							"uv": {
								"north": {"uv": [55, 65], "uv_size": [-4, 4]},
								"east": {"uv": [59, 65], "uv_size": [-4, 4]},
								"south": {"uv": [63, 65], "uv_size": [-4, 4]},
								"west": {"uv": [51, 65], "uv_size": [-4, 4]},
								"up": {"uv": [55, 61], "uv_size": [-4, 4]},
								"down": {"uv": [59, 65], "uv_size": [-4, -4]}
							}
						}
					]
				},
				{
					"name": "head",
					"parent": "hip",
					"pivot": [0, 13, 6],
					"cubes": [
						{
							"origin": [-4, 13, 1],
							"size": [8, 5, 8],
							"uv": {
								"north": {"uv": [8, 8], "uv_size": [8, 5]},
								"east": {"uv": [0, 8], "uv_size": [8, 5]},
								"south": {"uv": [24, 8], "uv_size": [8, 5]},
								"west": {"uv": [16, 8], "uv_size": [8, 5]},
								"up": {"uv": [8, 0], "uv_size": [8, 8]},
								"down": {"uv": [16, 8], "uv_size": [8, -8]}
							}
						},
						{
							"origin": [-1, 17, 0],
							"size": [2, 1, 2],
							"inflate": -0.2,
							"uv": {
								"north": {"uv": [63, 46], "uv_size": [2, 1]},
								"east": {"uv": [61, 46], "uv_size": [2, 1]},
								"south": {"uv": [67, 46], "uv_size": [2, 1]},
								"west": {"uv": [65, 46], "uv_size": [2, 1]},
								"up": {"uv": [63, 44], "uv_size": [2, 2]},
								"down": {"uv": [65, 46], "uv_size": [2, -2]}
							}
						},
						{
							"origin": [4, 16, 1],
							"size": [5, 1, 1],
							"inflate": -0.2,
							"pivot": [0, 13, 6],
							"rotation": [0, 0, -10],
							"uv": {
								"north": {"uv": [24, 39], "uv_size": [5, 1]},
								"east": {"uv": [23, 39], "uv_size": [1, 1]},
								"south": {"uv": [30, 39], "uv_size": [5, 1]},
								"west": {"uv": [29, 39], "uv_size": [1, 1]},
								"up": {"uv": [24, 38], "uv_size": [5, 1]},
								"down": {"uv": [29, 39], "uv_size": [5, -1]}
							}
						},
						{
							"origin": [-9, 16, 1],
							"size": [5, 1, 1],
							"inflate": -0.2,
							"pivot": [0, 13, 6],
							"rotation": [0, 0, 10],
							"uv": {
								"north": {"uv": [39, 1], "uv_size": [5, 1]},
								"east": {"uv": [38, 1], "uv_size": [1, 1]},
								"south": {"uv": [45, 1], "uv_size": [5, 1]},
								"west": {"uv": [44, 1], "uv_size": [1, 1]},
								"up": {"uv": [39, 0], "uv_size": [5, 1]},
								"down": {"uv": [44, 1], "uv_size": [5, -1]}
							}
						},
						{
							"origin": [3, 14, 1],
							"size": [5, 1, 1],
							"inflate": -0.2,
							"pivot": [0, 13, 6],
							"rotation": [0, 0, 10],
							"uv": {
								"north": {"uv": [24, 36], "uv_size": [5, 1]},
								"east": {"uv": [23, 36], "uv_size": [1, 1]},
								"south": {"uv": [30, 36], "uv_size": [5, 1]},
								"west": {"uv": [29, 36], "uv_size": [1, 1]},
								"up": {"uv": [24, 35], "uv_size": [5, 1]},
								"down": {"uv": [29, 36], "uv_size": [5, -1]}
							}
						},
						{
							"origin": [-8, 14, 1],
							"size": [5, 1, 1],
							"inflate": -0.2,
							"pivot": [0, 13, 6],
							"rotation": [0, 0, -10],
							"uv": {
								"north": {"uv": [1, 31], "uv_size": [5, 1]},
								"east": {"uv": [0, 31], "uv_size": [1, 1]},
								"south": {"uv": [7, 31], "uv_size": [5, 1]},
								"west": {"uv": [6, 31], "uv_size": [1, 1]},
								"up": {"uv": [1, 30], "uv_size": [5, 1]},
								"down": {"uv": [6, 31], "uv_size": [5, -1]}
							}
						},
						{
							"origin": [3, 15, 1],
							"size": [5, 1, 1],
							"inflate": -0.2,
							"uv": {
								"north": {"uv": [26, 4], "uv_size": [5, 1]},
								"east": {"uv": [25, 4], "uv_size": [1, 1]},
								"south": {"uv": [32, 4], "uv_size": [5, 1]},
								"west": {"uv": [31, 4], "uv_size": [1, 1]},
								"up": {"uv": [26, 3], "uv_size": [5, 1]},
								"down": {"uv": [31, 4], "uv_size": [5, -1]}
							}
						},
						{
							"origin": [-8, 15, 1],
							"size": [5, 1, 1],
							"inflate": -0.2,
							"uv": {
								"north": {"uv": [26, 1], "uv_size": [5, 1]},
								"east": {"uv": [25, 1], "uv_size": [1, 1]},
								"south": {"uv": [32, 1], "uv_size": [5, 1]},
								"west": {"uv": [31, 1], "uv_size": [1, 1]},
								"up": {"uv": [26, 0], "uv_size": [5, 1]},
								"down": {"uv": [31, 1], "uv_size": [5, -1]}
							}
						},
						{
							"origin": [-4, 17, 1],
							"size": [8, 4, 8],
							"inflate": -0.3,
							"uv": {
								"north": {"uv": [33, 14], "uv_size": [8, 4]},
								"east": {"uv": [25, 14], "uv_size": [8, 4]},
								"south": {"uv": [49, 14], "uv_size": [8, 4]},
								"west": {"uv": [41, 14], "uv_size": [8, 4]},
								"up": {"uv": [33, 6], "uv_size": [8, 8]},
								"down": {"uv": [41, 14], "uv_size": [8, -8]}
							}
						},
						{
							"origin": [-4, 20, 1],
							"size": [8, 2, 8],
							"inflate": -0.4,
							"uv": {
								"north": {"uv": [37, 43], "uv_size": [8, 2]},
								"east": {"uv": [29, 43], "uv_size": [8, 2]},
								"south": {"uv": [53, 43], "uv_size": [8, 2]},
								"west": {"uv": [45, 43], "uv_size": [8, 2]},
								"up": {"uv": [37, 35], "uv_size": [8, 8]},
								"down": {"uv": [45, 43], "uv_size": [8, -8]}
							}
						},
						{
							"origin": [-3, 20, 3],
							"size": [4, 9, 3],
							"inflate": -0.4,
							"pivot": [0, 13, 6],
							"rotation": [0, 0, -10],
							"uv": {
								"north": {"uv": [35, 57], "uv_size": [4, 9]},
								"east": {"uv": [32, 57], "uv_size": [3, 9]},
								"south": {"uv": [42, 57], "uv_size": [4, 9]},
								"west": {"uv": [39, 57], "uv_size": [3, 9]},
								"up": {"uv": [35, 54], "uv_size": [4, 3]},
								"down": {"uv": [39, 57], "uv_size": [4, -3]}
							}
						},
						{
							"origin": [-1, 20, 3],
							"size": [4, 9, 3],
							"inflate": -0.4,
							"pivot": [0, 13, 6],
							"rotation": [0, 0, 10],
							"uv": {
								"north": {"uv": [39, 57], "uv_size": [-4, 9]},
								"east": {"uv": [42, 57], "uv_size": [-3, 9]},
								"south": {"uv": [46, 57], "uv_size": [-4, 9]},
								"west": {"uv": [35, 57], "uv_size": [-3, 9]},
								"up": {"uv": [39, 54], "uv_size": [-4, 3]},
								"down": {"uv": [43, 57], "uv_size": [-4, -3]}
							}
						},
						{
							"origin": [-5.6503, 26.7069, 3],
							"size": [4, 8, 3],
							"inflate": -0.4,
							"pivot": [-3, 28, 4],
							"rotation": [25, 0, -10],
							"uv": {
								"north": {"uv": [20, 57], "uv_size": [4, 9]},
								"east": {"uv": [17, 57], "uv_size": [3, 9]},
								"south": {"uv": [27, 57], "uv_size": [4, 9]},
								"west": {"uv": [24, 57], "uv_size": [3, 9]},
								"up": {"uv": [20, 54], "uv_size": [4, 3]},
								"down": {"uv": [24, 57], "uv_size": [4, -3]}
							}
						},
						{
							"origin": [1.6503, 26.7069, 3],
							"size": [4, 8, 3],
							"inflate": -0.4,
							"pivot": [3, 28, 4],
							"rotation": [25, 0, 10],
							"uv": {
								"north": {"uv": [24, 57], "uv_size": [-4, 9]},
								"east": {"uv": [27, 57], "uv_size": [-3, 9]},
								"south": {"uv": [31, 57], "uv_size": [-4, 9]},
								"west": {"uv": [20, 57], "uv_size": [-3, 9]},
								"up": {"uv": [24, 54], "uv_size": [-4, 3]},
								"down": {"uv": [28, 57], "uv_size": [-4, -3]}
							}
						}
					]
				}
			]
		}
	]
}