{
	"format_version": "1.12.0",
	"minecraft:geometry": [
		{
			"description": {
				"identifier": "geometry.saw",
				"texture_width": 64,
				"texture_height": 64,
				"visible_bounds_width": 2,
				"visible_bounds_height": 1.5,
				"visible_bounds_offset": [0, 0.25, 0]
			},
			"bones": [
				{
					"name": "rightitem",
					"pivot": [-0.5, 2.71053, 1.73684],
					"cubes": [
						{"origin": [-0.5, -0.71053, 0.26316], "size": [1, 1, 1], "uv": [9, 9]},
						{"origin": [-0.5, -0.71053, 0.26316], "size": [1, 1, 1], "pivot": [0, 1.78947, 0.76316], "rotation": [17.5, 0, 0], "uv": [9, 7]},
						{"origin": [-0.5, -0.71053, 0.26316], "size": [1, 1, 1], "pivot": [0, 1.78947, 0.76316], "rotation": [40, 0, 0], "uv": [9, 5]},
						{"origin": [-0.5, -0.71053, 0.26316], "size": [1, 1, 1], "pivot": [0, 1.78947, 0.76316], "rotation": [62.5, 0, 0], "uv": [9, 3]},
						{"origin": [-0.5, -0.71053, 0.26316], "size": [1, 1, 1], "pivot": [0, 1.78947, 0.76316], "rotation": [82.5, 0, 0], "uv": [3, 9]},
						{"origin": [-0.5, -0.71053, 0.26316], "size": [1, 1, 1], "pivot": [0, 1.78947, 0.76316], "rotation": [105, 0, 0], "uv": [6, 8]},
						{"origin": [-0.5, -0.71053, 0.26316], "size": [1, 1, 1], "pivot": [0, 1.78947, 0.76316], "rotation": [127.5, 0, 0], "uv": [8, 0]},
						{"origin": [-0.5, -0.71053, 0.26316], "size": [1, 1, 1], "pivot": [0, 1.78947, 0.76316], "rotation": [150, 0, 0], "uv": [0, 8]},
						{"origin": [-0.5, -0.71053, 0.26316], "size": [1, 1, 1], "pivot": [0, 1.78947, 0.76316], "rotation": [172.5, 0, 0], "uv": [3, 7]},
						{"origin": [-0.5, -0.71053, 0.26316], "size": [1, 1, 1], "pivot": [0, 1.78947, 0.76316], "rotation": [-165, 0, 0], "uv": [6, 6]},
						{"origin": [-0.5, -0.71053, 0.26316], "size": [1, 1, 1], "pivot": [0, 1.78947, 0.76316], "rotation": [-142.5, 0, 0], "uv": [6, 4]},
						{"origin": [-0.5, -0.71053, 0.26316], "size": [1, 1, 1], "pivot": [0, 1.78947, 0.76316], "rotation": [-122.5, 0, 0], "uv": [6, 2]},
						{"origin": [-0.5, -0.71053, 0.26316], "size": [1, 1, 1], "pivot": [0, 1.78947, 0.76316], "rotation": [-100, 0, 0], "uv": [0, 6]},
						{"origin": [-0.5, -0.71053, 0.26316], "size": [1, 1, 1], "pivot": [0, 1.78947, 0.76316], "rotation": [-80, 0, 0], "uv": [3, 5]},
						{"origin": [-0.5, -0.71053, 0.26316], "size": [1, 1, 1], "pivot": [0, 1.78947, 0.76316], "rotation": [-57.5, 0, 0], "uv": [4, 0]},
						{"origin": [-0.5, -0.71053, 0.26316], "size": [1, 1, 1], "pivot": [0, 1.78947, 0.76316], "rotation": [-35, 0, 0], "uv": [0, 4]},
						{"origin": [-0.5, -0.71053, 0.26316], "size": [1, 1, 1], "pivot": [0, 1.78947, 0.76316], "rotation": [-15, 0, 0], "uv": [3, 3]},
						{"origin": [-0.5, 0.28947, -1.73684], "size": [1, 3, 1], "uv": [0, 0]},
						{"origin": [0, 0.28947, -21.73684], "size": [0, 3, 20], "uv": [0, 0]}
					]
				}
			]
		}
	]
}