{
	"format_version": "1.12.0",
	"minecraft:geometry": [
		{
			"description": {
				"identifier": "geometry.stripes",
				"texture_width": 128,
				"texture_height": 128,
				"visible_bounds_width": 4,
				"visible_bounds_height": 6,
				"visible_bounds_offset": [0, 2, 0]
			},
			"bones": [
				{
					"name": "all",
					"pivot": [0, 28, 6]
				},
				{
					"name": "hip",
					"parent": "all",
					"pivot": [0, 28, 6],
					"cubes": [
						{"origin": [-5, 23, 2], "size": [10, 7, 5], "inflate": 0.1, "uv": [28, 31]}
					]
				},
				{
					"name": "tail",
					"parent": "hip",
					"pivot": [0, 27, 5],
					"rotation": [25, 0, 0],
					"cubes": [
						{"origin": [-2, 24, 6], "size": [4, 4, 9], "inflate": -0.6, "uv": [0, 47]},
						{"origin": [-2, 24, 12], "size": [4, 4, 11], "inflate": -0.6, "pivot": [0, 27, 13], "rotation": [30, 0, 0], "uv": [25, 10]},
						{"origin": [-2, 24, 21], "size": [4, 4, 5], "inflate": -0.8, "pivot": [0, 27, 13], "rotation": [30, 0, 0], "uv": [96, 21]}
					]
				},
				{
					"name": "body",
					"parent": "hip",
					"pivot": [0, 28, 4],
					"cubes": [
						{"origin": [-4, 43.28509, 2.71404], "size": [8, 1, 5], "uv": [67, 17]},
						{"origin": [-5, 28.2851, 2.71404], "size": [10, 15, 5], "uv": [0, 0]},
						{"origin": [-4, 31.2851, 1.71404], "size": [8, 9, 2], "inflate": -0.2, "uv": [62, 72]},
						{"origin": [-3, 39.2851, 1.71404], "size": [6, 2, 2], "inflate": -0.2, "uv": [81, 82]},
						{"origin": [-3, 30.28509, 1.71404], "size": [6, 2, 2], "inflate": -0.2, "uv": [43, 79]},
						{"origin": [-2, 42.2851, 1.71404], "size": [4, 2, 1], "uv": [26, 0]},
						{"origin": [-3, 44.2851, 2.71404], "size": [6, 2, 5], "uv": [69, 0]}
					]
				},
				{
					"name": "head",
					"parent": "body",
					"pivot": [0, 44.28509, 2.71404],
					"cubes": [
						{"origin": [-5, 47.69839, -2.06844], "size": [2, 6, 8], "inflate": -0.2, "uv": [56, 2]},
						{"origin": [3, 47.69839, -2.06844], "size": [2, 6, 8], "inflate": -0.2, "uv": [54, 18]},
						{"origin": [-4, 48.69839, -2.06844], "size": [8, 6, 8], "uv": [0, 21]},
						{"origin": [-4, 50.69839, -3.06844], "size": [3, 3, 2], "inflate": -0.1, "uv": [6, 103]},
						{"origin": [-4, 45.69839, 4.93156], "size": [8, 9, 2], "inflate": -0.2, "uv": [72, 49]},
						{"origin": [-4, 53.69838, -2.06844], "size": [8, 2, 8], "inflate": -0.3, "uv": [0, 36]},
						{"origin": [23, 47.69839, 0.93156], "size": [4, 5, 2], "inflate": -0.3, "pivot": [0, -0.58671, -2.78248], "rotation": [0, 0, -30], "uv": [43, 84]},
						{"origin": [-27, 47.69839, 0.93156], "size": [4, 5, 2], "inflate": -0.3, "pivot": [0, -0.58671, -2.78248], "rotation": [0, 0, 30], "uv": [83, 72]},
						{"origin": [-4, 46.69839, 3.93156], "size": [8, 2, 2], "uv": [33, 26]},
						{"origin": [-3, 47.69838, -3.06844], "size": [6, 1, 1], "uv": [18, 47]},
						{"origin": [-4, 47.69839, -3.06844], "size": [4, 3, 2], "inflate": -0.1, "uv": [80, 87]},
						{"origin": [-1, 51.69838, 0.93156], "size": [2, 1, 2], "inflate": -0.1, "pivot": [0, 42.69838, 3.93156], "rotation": [30, 0, 0], "uv": [50, 44]},
						{"origin": [0, 47.69838, -3.06844], "size": [4, 3, 2], "inflate": -0.1, "uv": [67, 84]},
						{"origin": [1, 46.69838, -3.06844], "size": [1, 2, 1], "inflate": -0.2, "uv": [94, 11]},
						{"origin": [-2, 46.69838, -3.06844], "size": [1, 2, 1], "inflate": -0.2, "uv": [93, 87]},
						{"origin": [-1, 46.69839, -3.06844], "size": [1, 2, 1], "inflate": -0.2, "uv": [93, 87]},
						{"origin": [0, 46.69839, -3.06844], "size": [1, 2, 1], "inflate": -0.2, "uv": [93, 87]},
						{"origin": [-3, 46.69838, -3.06844], "size": [1, 2, 1], "inflate": -0.2, "uv": [86, 93]},
						{"origin": [-4, 46.69838, -2.06844], "size": [1, 2, 1], "inflate": -0.2, "uv": [81, 93]},
						{"origin": [-4, 46.69838, -1.06844], "size": [1, 2, 1], "inflate": -0.2, "uv": [76, 93]},
						{"origin": [2, 46.69838, -3.06844], "size": [1, 2, 1], "inflate": -0.2, "uv": [63, 93]},
						{"origin": [3, 46.69838, -2.06844], "size": [1, 2, 1], "inflate": -0.2, "uv": [93, 55]},
						{"origin": [3, 46.69838, -1.06844], "size": [1, 2, 1], "inflate": -0.2, "uv": [93, 51]},
						{"origin": [-2, 45.69838, -3.06844], "size": [1, 2, 1], "inflate": -0.3, "uv": [92, 92]},
						{"origin": [-1, 45.69839, -3.06844], "size": [1, 2, 1], "inflate": -0.3, "uv": [92, 92]},
						{"origin": [0, 45.69839, -3.06844], "size": [1, 2, 1], "inflate": -0.3, "uv": [92, 92]},
						{"origin": [-3, 45.69838, -3.06844], "size": [1, 2, 1], "inflate": -0.3, "uv": [92, 68]},
						{"origin": [-4, 45.69838, -2.06844], "size": [1, 2, 1], "inflate": -0.3, "uv": [58, 92]},
						{"origin": [-4, 45.69838, -1.06844], "size": [1, 2, 1], "inflate": -0.3, "uv": [53, 92]},
						{"origin": [1, 45.69838, -3.06844], "size": [1, 2, 1], "inflate": -0.3, "uv": [48, 92]},
						{"origin": [2, 45.69838, -3.06844], "size": [1, 2, 1], "inflate": -0.3, "uv": [43, 92]},
						{"origin": [3, 45.69838, -2.06844], "size": [1, 2, 1], "inflate": -0.3, "uv": [22, 92]},
						{"origin": [3, 45.69838, -1.06844], "size": [1, 2, 1], "inflate": -0.3, "uv": [17, 92]},
						{"origin": [-4, 47.69838, -2.06844], "size": [8, 1, 8], "uv": [25, 44]}
					]
				},
				{
					"name": "jaw",
					"parent": "head",
					"pivot": [0, 45.69838, 5.93156],
					"rotation": [15, 0, 0],
					"cubes": [
						{"origin": [-4, 46.83237, 3.69951], "size": [8, 1, 2], "uv": [81, 61]},
						{"origin": [3, 45.83236, -1.30049], "size": [1, 2, 1], "inflate": -0.2, "uv": [5, 92]},
						{"origin": [-3, 45.83236, -2.30049], "size": [1, 2, 1], "inflate": -0.2, "uv": [92, 4]},
						{"origin": [-2, 45.83236, -2.30049], "size": [1, 2, 1], "inflate": -0.2, "uv": [92, 0]},
						{"origin": [-1, 45.83236, -2.30049], "size": [1, 2, 1], "inflate": -0.3, "uv": [0, 92]},
						{"origin": [0, 45.83236, -2.30049], "size": [1, 2, 1], "inflate": -0.3, "uv": [91, 47]},
						{"origin": [-1, 46.83236, -2.30049], "size": [1, 2, 1], "inflate": -0.4, "uv": [91, 36]},
						{"origin": [0, 46.83236, -2.30049], "size": [1, 2, 1], "inflate": -0.4, "uv": [27, 91]},
						{"origin": [2, 45.83236, -2.30049], "size": [1, 2, 1], "inflate": -0.2, "uv": [12, 91]},
						{"origin": [1, 45.83236, -2.30049], "size": [1, 2, 1], "inflate": -0.2, "uv": [72, 90]},
						{"origin": [-3, 46.83236, -2.30049], "size": [1, 2, 1], "inflate": -0.3, "uv": [67, 90]},
						{"origin": [-2, 46.83236, -2.30049], "size": [1, 2, 1], "inflate": -0.3, "uv": [90, 8]},
						{"origin": [2, 46.83236, -2.30049], "size": [1, 2, 1], "inflate": -0.3, "uv": [89, 32]},
						{"origin": [1, 46.83236, -2.30049], "size": [1, 2, 1], "inflate": -0.3, "uv": [89, 28]},
						{"origin": [3, 46.83236, -1.30049], "size": [1, 2, 1], "inflate": -0.3, "uv": [89, 24]},
						{"origin": [3, 46.83236, -0.30049], "size": [1, 2, 1], "inflate": -0.3, "uv": [89, 16]},
						{"origin": [3, 46.83236, 0.69951], "size": [1, 2, 1], "inflate": -0.3, "uv": [88, 65]},
						{"origin": [-4, 46.83236, -1.30049], "size": [1, 2, 1], "inflate": -0.3, "uv": [23, 88]},
						{"origin": [-4, 46.83236, -0.30049], "size": [1, 2, 1], "inflate": -0.3, "uv": [18, 88]},
						{"origin": [-4, 46.83236, 0.69951], "size": [1, 2, 1], "inflate": -0.3, "uv": [13, 87]},
						{"origin": [-4, 45.83236, -1.30049], "size": [1, 2, 1], "inflate": -0.2, "uv": [87, 0]},
						{"origin": [3, 45.83236, -0.30049], "size": [1, 2, 1], "inflate": -0.2, "uv": [13, 83]},
						{"origin": [3, 45.83236, 0.69951], "size": [1, 2, 1], "inflate": -0.2, "uv": [73, 33]},
						{"origin": [-4, 45.83236, -0.30049], "size": [1, 2, 1], "inflate": -0.2, "uv": [69, 0]},
						{"origin": [-4, 45.83236, 0.69951], "size": [1, 2, 1], "inflate": -0.2, "uv": [67, 49]},
						{"origin": [-3, 45.83237, -2.30049], "size": [6, 1, 1], "uv": [45, 18]},
						{"origin": [-4, 45.83237, -1.30049], "size": [8, 1, 8], "uv": [31, 0]}
					]
				},
				{
					"name": "rightarm",
					"parent": "body",
					"pivot": [-5, 41.28509, 5.71404],
					"cubes": [
						{"origin": [-12, 27.2445, 4.40565], "size": [3, 11, 3], "pivot": [0, 27.24449, 7.40565], "rotation": [0, 0, 27.5], "uv": [19, 73]}
					]
				},
				{
					"name": "rightelbow",
					"parent": "rightarm",
					"pivot": [-9, 33.24449, 5.40565],
					"cubes": [
						{"origin": [-10, 22.39465, 3.16055], "size": [2, 11, 3], "pivot": [0, 26.39465, 7.16055], "rotation": [-10, 0, 0], "uv": [78, 24]},
						{"origin": [-10, 19.3946, 3.16055], "size": [2, 4, 3], "inflate": 0.1, "pivot": [0, 26.39465, 7.16055], "rotation": [-10, 0, 0], "uv": [45, 10]},
						{"origin": [-10, 16.39465, 5.16055], "size": [1, 4, 1], "inflate": -0.1, "pivot": [0, 26.39465, 7.16055], "rotation": [-10, 0, 0], "uv": [56, 0]},
						{"origin": [-10, 16.39465, 4.16055], "size": [1, 4, 1], "inflate": -0.1, "pivot": [0, 26.39465, 7.16055], "rotation": [-10, 0, 0], "uv": [18, 50]},
						{"origin": [-10, 16.39465, 3.16055], "size": [1, 4, 1], "inflate": -0.1, "pivot": [0, 26.39465, 7.16055], "rotation": [-10, 0, 0], "uv": [31, 10]},
						{"origin": [-10, 21.39465, 2.16055], "size": [1, 2, 1], "inflate": -0.1, "pivot": [0, 26.39465, 7.16055], "rotation": [-10, 0, -17.5], "uv": [0, 61]},
						{"origin": [-10, 19.39465, 2.16055], "size": [1, 3, 1], "inflate": -0.3, "pivot": [0, 26.39465, 7.16055], "rotation": [-10, 0, -17.5], "uv": [0, 0]},
						{"origin": [-10, 16.39465, 5.16055], "size": [2, 1, 1], "inflate": -0.1, "pivot": [0, 26.39465, 7.16055], "rotation": [-10, 0, 0], "uv": [50, 48]},
						{"origin": [-10, 16.39465, 4.16055], "size": [2, 1, 1], "inflate": -0.1, "pivot": [0, 26.39465, 7.16055], "rotation": [-10, 0, 0], "uv": [31, 4]},
						{"origin": [-10, 16.39465, 3.16055], "size": [2, 1, 1], "inflate": -0.1, "pivot": [0, 26.39465, 7.16055], "rotation": [-10, 0, 0], "uv": [25, 26]},
						{"origin": [-9, 16.39465, 5.16055], "size": [3, 1, 1], "inflate": -0.3, "pivot": [0, 26.39465, 7.16055], "rotation": [-10, 0, 0], "uv": [14, 61]},
						{"origin": [-9, 16.39465, 4.16055], "size": [3, 1, 1], "inflate": -0.3, "pivot": [0, 26.39465, 7.16055], "rotation": [-10, 0, 0], "uv": [41, 54]},
						{"origin": [-9, 16.39465, 3.16055], "size": [3, 1, 1], "inflate": -0.3, "pivot": [0, 26.39465, 7.16055], "rotation": [-10, 0, 0], "uv": [54, 33]}
					]
				},
				{
					"name": "leftarm",
					"parent": "body",
					"pivot": [5, 41.28509, 5.71404],
					"cubes": [
						{"origin": [9, 27.2445, 4.40565], "size": [3, 11, 3], "pivot": [0, 27.24449, 7.40565], "rotation": [0, 0, -27.5], "uv": [19, 73], "mirror": true}
					]
				},
				{
					"name": "leftelbow",
					"parent": "leftarm",
					"pivot": [9, 33.24449, 5.40565],
					"cubes": [
						{"origin": [8, 22.39465, 3.16055], "size": [2, 11, 3], "pivot": [0, 26.39465, 7.16055], "rotation": [-10, 0, 0], "uv": [78, 24], "mirror": true},
						{"origin": [8, 19.3946, 3.16055], "size": [2, 4, 3], "inflate": 0.1, "pivot": [0, 26.39465, 7.16055], "rotation": [-10, 0, 0], "uv": [45, 10], "mirror": true},
						{"origin": [9, 16.39465, 5.16055], "size": [1, 4, 1], "inflate": -0.1, "pivot": [0, 26.39465, 7.16055], "rotation": [-10, 0, 0], "uv": [56, 0], "mirror": true},
						{"origin": [9, 16.39465, 4.16055], "size": [1, 4, 1], "inflate": -0.1, "pivot": [0, 26.39465, 7.16055], "rotation": [-10, 0, 0], "uv": [18, 50], "mirror": true},
						{"origin": [9, 16.39465, 3.16055], "size": [1, 4, 1], "inflate": -0.1, "pivot": [0, 26.39465, 7.16055], "rotation": [-10, 0, 0], "uv": [31, 10], "mirror": true},
						{"origin": [9, 21.39465, 2.16055], "size": [1, 2, 1], "inflate": -0.1, "pivot": [0, 26.39465, 7.16055], "rotation": [-10, 0, 17.5], "uv": [0, 61], "mirror": true},
						{"origin": [9, 19.39465, 2.16055], "size": [1, 3, 1], "inflate": -0.3, "pivot": [0, 26.39465, 7.16055], "rotation": [-10, 0, 17.5], "uv": [0, 0], "mirror": true},
						{"origin": [8, 16.39465, 5.16055], "size": [2, 1, 1], "inflate": -0.1, "pivot": [0, 26.39465, 7.16055], "rotation": [-10, 0, 0], "uv": [50, 48], "mirror": true},
						{"origin": [8, 16.39465, 4.16055], "size": [2, 1, 1], "inflate": -0.1, "pivot": [0, 26.39465, 7.16055], "rotation": [-10, 0, 0], "uv": [31, 4], "mirror": true},
						{"origin": [8, 16.39465, 3.16055], "size": [2, 1, 1], "inflate": -0.1, "pivot": [0, 26.39465, 7.16055], "rotation": [-10, 0, 0], "uv": [25, 26], "mirror": true},
						{"origin": [6, 16.39465, 5.16055], "size": [3, 1, 1], "inflate": -0.3, "pivot": [0, 26.39465, 7.16055], "rotation": [-10, 0, 0], "uv": [14, 61], "mirror": true},
						{"origin": [6, 16.39465, 4.16055], "size": [3, 1, 1], "inflate": -0.3, "pivot": [0, 26.39465, 7.16055], "rotation": [-10, 0, 0], "uv": [41, 54], "mirror": true},
						{"origin": [6, 16.39465, 3.16055], "size": [3, 1, 1], "inflate": -0.3, "pivot": [0, 26.39465, 7.16055], "rotation": [-10, 0, 0], "uv": [54, 33], "mirror": true}
					]
				},
				{
					"name": "necktei",
					"parent": "body",
					"pivot": [0, 42, 2],
					"rotation": [12.5, 0, 0],
					"cubes": [
						{"origin": [-1, 28.2851, -25.28596], "size": [2, 7, 1], "inflate": -0.2, "pivot": [0, 1, 0], "rotation": [-40, 0, 0], "uv": [0, 47]},
						{"origin": [-1, 26.2851, -25.28596], "size": [2, 6, 1], "inflate": 0.2, "pivot": [0, 1, 0], "rotation": [-40, 0, 0], "uv": [0, 21]},
						{"origin": [-1, 24.2851, -25.28596], "size": [2, 4, 1], "inflate": -0.1, "pivot": [0, 1, 0], "rotation": [-40, 0, 0], "uv": [0, 36]}
					]
				},
				{
					"name": "leftleg",
					"parent": "all",
					"pivot": [3, 25, 4],
					"cubes": [
						{"origin": [1, 11, 3], "size": [4, 13, 5], "inflate": 0.1, "pivot": [0, 28, 6], "rotation": [-15, 0, 0], "uv": [27, 54], "mirror": true}
					]
				},
				{
					"name": "leftknee",
					"parent": "leftleg",
					"pivot": [4, 12, 2],
					"cubes": [
						{"origin": [1, 3, -1], "size": [4, 10, 5], "inflate": 0.1, "uv": [0, 61], "mirror": true},
						{"origin": [1, 0, -3], "size": [4, 3, 7], "uv": [39, 68], "mirror": true},
						{"origin": [1, 0, -6], "size": [4, 3, 4], "inflate": -0.3, "uv": [78, 39], "mirror": true}
					]
				},
				{
					"name": "rightleg",
					"parent": "all",
					"pivot": [-3, 25, 4],
					"cubes": [
						{"origin": [-5, 11, 3], "size": [4, 13, 5], "inflate": 0.1, "pivot": [0, 28, 6], "rotation": [-15, 0, 0], "uv": [27, 54]}
					]
				},
				{
					"name": "rightknee",
					"parent": "rightleg",
					"pivot": [-4, 12, 2],
					"cubes": [
						{"origin": [-5, 3, -1], "size": [4, 10, 5], "inflate": 0.1, "uv": [0, 61]},
						{"origin": [-5, 0, -3], "size": [4, 3, 7], "uv": [39, 68]},
						{"origin": [-5, 0, -6], "size": [4, 3, 4], "inflate": -0.3, "uv": [78, 39]}
					]
				}
			]
		}
	]
}